LA,URN,LONDON/NON-LONDON,MEDIAN,PUPILS,FSM,FSMBAND,GRANTFUNDING,SELFGENERATEDINCOME,TOTALINCOME,TEACHINGSTAFF,SUPPLYTEACHERS,EDUCATIONSUPPORTSTAFF,PREMISES,BACKOFFICE,CATERING,OTHERSTAFF,ENERGY,LEARNINGRESOURCES,ICT,BOUGHTINPROFESSIONALSERVICES,OTHER,TOTALEXPENDITURE,T1819CAT1,T1819CAT2,T1819CAT3,T1819CAT4,T1819CAT5,T1819SUM,T1819CAT1LA,T1819CAT2LA,T1819CAT3LA,T1819CAT4LA,T1819CAT5LA,T1920CAT1,T1920CAT2,T1920CAT3,T1920CAT4,T1920CAT5,T1920SUM,T1920CAT1LA,T1920CAT2LA,T1920CAT3LA,T1920CAT4LA,T1920CAT5LA,T2021CAT1,T2021CAT2,T2021CAT3,T2021CAT4,T2021CAT5,T2021SUM,T2021CAT1LA,T2021CAT2LA,T2021CAT3LA,T2021CAT4LA,T2021CAT5LA,DCAT1,DCAT2,DCAT3,DCAT4,DCAT5,PGRANTFUNDING,PSELFGENERATEDINCOME,PTEACHINGSTAFF,PSUPPLYTEACHERS,PEDUCATIONSUPPORTSTAFF,PPREMISES,PBACKOFFICE,PCATERING,POTHERSTAFF,PENERGY,PLEARNINGRESOURCES,PICT,PBOUGHTINPROFESSIONALSERVICES,POTHER,PT1819CAT1,PT1819CAT2,PT1819CAT3,PT1819CAT4,PT1819CAT5,PT1819CAT1LA,PT1819CAT2LA,PT1819CAT3LA,PT1819CAT4LA,PT1819CAT5LA,PT1920CAT1,PT1920CAT2,PT1920CAT3,PT1920CAT4,PT1920CAT5,PT1920CAT1LA,PT1920CAT2LA,PT1920CAT3LA,PT1920CAT4LA,PT1920CAT5LA,PT2021CAT1,PT2021CAT2,PT2021CAT3,PT2021CAT4,PT2021CAT5,PT2021CAT1LA,PT2021CAT2LA,PT2021CAT3LA,PT2021CAT4LA,PT2021CAT5LA,PDCAT1,PDCAT2,PDCAT3,PDCAT4,PDCAT5
937,125484,Non-London,Nursery,77,0,,6592,1311,7903,2451,78,2751,284,1087,0,161,110,46,44,270,267,7549,"4,344",155,"1,170",69,"6,762",1024,"6,049",186,"1,912",76,"9,333",3047,-117,949,57,8309,4373,3226,119,1933,90,11175,2451,78,1087,110,7549,3823,3287,157,2059,98,11116,-596,195,138,53,-760,83,17,32,1,36,4,14,0,2,1,1,1,4,4,64%,2%,17%,1%,100%,NA,NA,NA,NA,NA,37%,-1%,11%,1%,100%,NA,NA,NA,NA,NA,32%,1%,14%,1%,100%,NA,NA,NA,NA,NA,-5%,2%,3%,0%,0%
937,125486,Non-London,Nursery,70,0,,7608,2412,10020,2581,217,3740,299,2402,10,322,76,55,52,0,56,9810,"4,822",50,"3,021",87,"9,618",1638,"6,049",186,"1,912",76,"9,333",2808,209,2964,95,11737,5661,3226,119,1933,90,11175,2581,217,2402,76,9810,4534,3287,157,2059,98,11116,-227,8,-562,-19,"-1,927",76,24,26,2,38,3,24,0,3,1,1,1,0,1,50%,1%,31%,1%,100%,NA,NA,NA,NA,NA,24%,2%,25%,1%,100%,NA,NA,NA,NA,NA,26%,2%,24%,1%,100%,NA,NA,NA,NA,NA,2%,0%,-1%,0%,0%
937,125487,Non-London,Nursery,48,0,,8809,1922,10731,3530,244,3759,511,1006,326,138,95,126,20,273,85,10113,"6,182",296,829,82,"9,048",1659,"6,049",186,"1,912",76,"9,333",4296,187,1030,107,12995,7375,3226,119,1933,90,11175,3530,244,1006,95,10113,5238,3287,157,2059,98,11116,-766,57,-24,-12,"-2,882",82,18,35,2,37,5,10,3,1,1,1,0,3,1,68%,3%,9%,1%,100%,NA,NA,NA,NA,NA,33%,1%,8%,1%,100%,NA,NA,NA,NA,NA,35%,2%,10%,1%,100%,NA,NA,NA,NA,NA,2%,1%,2%,0%,0%
937,125488,Non-London,Nursery,38,0,,10832,3784,14616,4646,247,3293,517,4535,437,256,104,87,55,22,355,14554,"4,989",216,"2,256",69,"8,757",1227,"6,049",186,"1,912",76,"9,333",2909,160,2723,96,9280,3392,3226,119,1933,90,11175,4646,247,4535,104,14554,5022,3287,157,2059,98,11116,"1,737",87,"1,812",8,"5,274",74,26,32,2,23,4,31,3,2,1,1,0,0,2,57%,2%,26%,1%,100%,NA,NA,NA,NA,NA,31%,2%,29%,1%,100%,NA,NA,NA,NA,NA,32%,2%,31%,1%,100%,NA,NA,NA,NA,NA,1%,0%,2%,0%,0%
937,125490,Non-London,Nursery,30,15,,12025,557,12582,3919,49,7546,774,2170,346,194,144,131,104,106,143,15626,NA,13,"1,619",94,"10,840",9114,"6,049",186,"1,912",76,"9,333",4080,67,2272,150,16696,10127,3226,119,1933,90,11175,3919,49,2170,144,15626,9344,3287,157,2059,98,11116,-161,-18,-102,-6,"-1,070",96,4,25,0,48,5,14,2,1,1,1,1,1,1,SUPP,0%,15%,1%,100%,NA,NA,NA,NA,NA,24%,0%,14%,1%,100%,NA,NA,NA,NA,NA,25%,0%,14%,1%,100%,NA,NA,NA,NA,NA,1%,0%,0%,0%,0%
937,125491,Non-London,Nursery,41,0,,13815,1568,15383,4072,96,5829,978,2146,20,313,78,121,100,478,531,14762,"8,706",240,"2,204",61,"11,179",-32,"6,049",186,"1,912",76,"9,333",3009,235,1494,69,11802,6995,3226,119,1933,90,11175,4072,96,2146,78,14762,8370,3287,157,2059,98,11116,"1,063",-139,652,9,"2,960",90,10,28,1,39,7,15,0,2,1,1,1,3,4,78%,2%,20%,1%,100%,NA,NA,NA,NA,NA,25%,2%,13%,1%,100%,NA,NA,NA,NA,NA,28%,1%,15%,1%,100%,NA,NA,NA,NA,NA,3%,-1%,2%,0%,0%
937,125500,Non-London,Primary,101,29.4,,6654,98,6752,1868,1221,618,481,1778,196,777,77,80,45,399,169,7709,"3,397",22,727,68,"5,395",1181,"2,857",98,361,57,"4,562",1911,319,1116,92,6275,2837,2291,98,386,64,4876,1868,1221,1778,77,7709,2765,2479,98,386,55,4962,-43,902,662,-15,"1,434",99,1,24,16,8,6,23,3,10,1,1,1,5,2,63%,0%,13%,1%,100%,NA,NA,NA,NA,NA,30%,5%,18%,1%,100%,NA,NA,NA,NA,NA,24%,16%,23%,1%,100%,NA,NA,NA,NA,NA,-6%,11%,5%,0%,0%
937,139913,Non-London,Primary,223,30,,5304,35,5339,2680,99,720,308,421,171,211,125,101,29,51,199,5115,"3,237",277,348,114,"5,131",1155,"2,857",98,361,57,"4,562",2363,264,365,116,4960,1852,2291,98,386,64,4876,2680,99,421,125,5115,1790,2479,98,386,55,4962,317,-165,56,9,155,99,1,52,2,14,6,8,3,4,2,2,1,1,4,63%,5%,7%,2%,100%,NA,NA,NA,NA,NA,48%,5%,7%,2%,100%,NA,NA,NA,NA,NA,52%,2%,8%,2%,100%,NA,NA,NA,NA,NA,4%,-3%,1%,0%,0%
937,125507,Non-London,Primary,197,2.5,,4529,533,5062,2369,30,834,161,745,144,99,47,88,41,100,110,4768,"2,515",51,770,46,"4,599",1217,"2,857",98,361,57,"4,562",2066,82,680,59,4756,1869,2291,98,386,64,4876,2369,30,745,47,4768,1577,2479,98,386,55,4962,303,-52,65,-12,12,89,11,50,1,17,3,16,3,2,1,2,1,2,2,55%,1%,17%,1%,100%,NA,NA,NA,NA,NA,43%,2%,14%,1%,100%,NA,NA,NA,NA,NA,50%,1%,16%,1%,100%,NA,NA,NA,NA,NA,7%,-1%,2%,0%,0%
937,125510,Non-London,Primary,210,12.9,,5551,138,5689,2442,12,941,303,394,143,202,99,89,48,96,14,4783,"3,009",51,357,72,"4,455",966,"2,857",98,361,57,"4,562",2394,47,370,101,5085,2173,2291,98,386,64,4876,2442,12,394,99,4783,1836,2479,98,386,55,4962,48,-35,24,-2,-302,98,2,51,0,20,6,8,3,4,2,2,1,2,0,68%,1%,8%,2%,100%,NA,NA,NA,NA,NA,47%,1%,7%,2%,100%,NA,NA,NA,NA,NA,51%,0%,8%,2%,100%,NA,NA,NA,NA,NA,4%,-1%,1%,0%,0%
937,125511,Non-London,Primary,102,11.8,,5477,204,5681,2907,117,1199,252,573,133,243,47,112,51,78,124,5836,"3,125",160,470,74,"4,906",1077,"2,857",98,361,57,"4,562",2811,169,559,68,5855,2248,2291,98,386,64,4876,2907,117,573,47,5836,2192,2479,98,386,55,4962,96,-52,14,-21,-19,96,4,50,2,21,4,10,2,4,1,2,1,1,2,64%,3%,10%,2%,100%,NA,NA,NA,NA,NA,48%,3%,10%,1%,100%,NA,NA,NA,NA,NA,50%,2%,10%,1%,100%,NA,NA,NA,NA,NA,2%,-1%,0%,0%,0%
937,125512,Non-London,Primary,567,24,,4410,233,4643,2211,88,934,241,284,51,216,48,130,138,26,160,4527,"2,904",52,291,35,"4,204",922,"2,857",98,361,57,"4,562",2134,71,286,54,4551,2006,2291,98,386,64,4876,2211,88,284,48,4527,1896,2479,98,386,55,4962,77,17,-2,-6,-24,95,5,49,2,21,5,6,1,5,1,3,3,1,4,69%,1%,7%,1%,100%,NA,NA,NA,NA,NA,47%,2%,6%,1%,100%,NA,NA,NA,NA,NA,49%,2%,6%,1%,100%,NA,NA,NA,NA,NA,2%,0%,0%,0%,0%
937,125513,Non-London,Primary,263,26.2,,5154,190,5344,2415,66,1101,276,356,229,227,65,79,67,91,92,5064,"2,850",282,288,60,"4,750",1270,"2,857",98,361,57,"4,562",2190,110,369,70,4958,2219,2291,98,386,64,4876,2415,66,356,65,5064,2162,2479,98,386,55,4962,225,-44,-13,-5,106,96,4,48,1,22,5,7,5,4,1,2,1,2,2,60%,6%,6%,1%,100%,NA,NA,NA,NA,NA,44%,2%,7%,1%,100%,NA,NA,NA,NA,NA,48%,1%,7%,1%,100%,NA,NA,NA,NA,NA,4%,-1%,0%,0%,0%
937,125515,Non-London,Primary,208,27.4,,5005,272,5277,2511,49,908,233,380,138,322,54,119,46,161,55,4976,"2,852",-38,533,56,"4,519",1116,"2,857",98,361,57,"4,562",2244,13,493,81,4809,1978,2291,98,386,64,4876,2511,49,380,54,4976,1982,2479,98,386,55,4962,267,36,-113,-27,167,95,5,50,1,18,5,8,3,6,1,2,1,3,1,63%,-1%,12%,1%,100%,NA,NA,NA,NA,NA,47%,0%,10%,2%,100%,NA,NA,NA,NA,NA,50%,1%,8%,1%,100%,NA,NA,NA,NA,NA,3%,1%,-2%,-1%,0%
937,125519,Non-London,Primary,209,14.8,,5014,122,5136,2833,83,896,226,345,209,109,51,149,40,105,76,5122,"3,065",31,264,57,"4,325",908,"2,857",98,361,57,"4,562",2526,101,312,61,4944,1944,2291,98,386,64,4876,2833,83,345,51,5122,1810,2479,98,386,55,4962,307,-18,33,-10,178,98,2,55,2,17,4,7,4,2,1,3,1,2,1,71%,1%,6%,1%,100%,NA,NA,NA,NA,NA,51%,2%,6%,1%,100%,NA,NA,NA,NA,NA,55%,2%,7%,1%,100%,NA,NA,NA,NA,NA,4%,0%,1%,0%,0%
937,125521,Non-London,Primary,102,20.6,,5663,162,5825,2698,32,802,188,486,130,111,74,116,55,243,132,5067,"2,967",312,463,76,"5,273",1455,"2,857",98,361,57,"4,562",2670,-18,469,83,5248,2044,2291,98,386,64,4876,2698,32,486,74,5067,1777,2479,98,386,55,4962,28,50,17,-9,-181,97,3,53,1,16,4,10,3,2,1,2,1,5,3,56%,6%,9%,1%,100%,NA,NA,NA,NA,NA,51%,0%,9%,2%,100%,NA,NA,NA,NA,NA,53%,1%,10%,1%,100%,NA,NA,NA,NA,NA,2%,1%,1%,-1%,0%
937,125525,Non-London,Primary,368,27.7,,4722,303,5025,2656,165,789,221,242,106,141,58,179,21,74,118,4770,"3,013",261,233,53,"4,623",1063,"3,233",133,384,66,"5,155",2453,180,242,73,4862,1914,2291,98,386,64,4876,2656,165,242,58,4770,1649,2479,98,386,55,4962,203,-15,0,-15,-92,94,6,56,3,17,5,5,2,3,1,4,0,2,2,65%,6%,5%,1%,100%,NA,NA,NA,NA,NA,50%,4%,5%,2%,100%,NA,NA,NA,NA,NA,56%,3%,5%,1%,100%,NA,NA,NA,NA,NA,6%,-1%,0%,-1%,0%
937,125526,Non-London,Primary,391,11.5,,4575,203,4778,2418,111,1024,203,275,112,95,37,187,29,54,128,4673,"2,790",164,220,50,"4,043",819,"2,857",98,361,57,"4,562",2222,218,257,50,4694,1947,2291,98,386,64,4876,2418,111,275,37,4673,1832,2479,98,386,55,4962,196,-107,18,-13,-21,96,4,52,2,22,4,6,2,2,1,4,1,1,3,69%,4%,5%,1%,100%,NA,NA,NA,NA,NA,47%,5%,5%,1%,100%,NA,NA,NA,NA,NA,52%,2%,6%,1%,100%,NA,NA,NA,NA,NA,5%,-3%,1%,0%,0%
937,125527,Non-London,Primary,174,25.3,,5750,126,5876,2790,127,1121,359,410,222,218,85,104,35,64,151,5686,"3,137",126,336,78,"4,972",1295,"2,857",98,361,57,"4,562",2778,54,410,83,6004,2679,2291,98,386,64,4876,2790,127,410,85,5686,2274,2479,98,386,55,4962,12,73,0,2,-318,98,2,49,2,20,6,7,4,4,1,2,1,1,3,63%,3%,7%,2%,100%,NA,NA,NA,NA,NA,46%,1%,7%,1%,100%,NA,NA,NA,NA,NA,49%,2%,7%,1%,100%,NA,NA,NA,NA,NA,3%,1%,0%,0%,0%
937,125528,Non-London,Primary,246,8.6,,4886,742,5628,2329,98,1238,222,631,206,95,53,247,73,225,144,5561,"3,172",99,403,50,"4,834",1110,"2,857",98,361,57,"4,562",2377,76,451,54,5350,2392,2291,98,386,64,4876,2329,98,631,53,5561,2450,2479,98,386,55,4962,-48,22,180,-1,211,87,13,42,2,22,4,11,4,2,1,4,1,4,3,66%,2%,8%,1%,100%,NA,NA,NA,NA,NA,44%,1%,8%,1%,100%,NA,NA,NA,NA,NA,42%,2%,11%,1%,100%,NA,NA,NA,NA,NA,-2%,1%,3%,0%,0%
937,125530,Non-London,Primary,49,42,,8104,144,8248,4136,124,988,618,868,207,287,154,164,125,430,201,8302,"4,759",155,961,185,"8,764",2704,"3,233",133,384,66,"5,155",4244,-62,913,228,9682,4359,2291,98,386,64,4876,4136,124,868,154,8302,3020,2479,98,386,55,4962,-108,186,-45,-74,"-1,380",98,2,50,1,12,7,10,2,3,2,2,2,5,2,54%,2%,11%,2%,100%,NA,NA,NA,NA,NA,44%,-1%,9%,2%,100%,NA,NA,NA,NA,NA,50%,1%,10%,2%,100%,NA,NA,NA,NA,NA,6%,2%,1%,0%,0%
937,136061,Non-London,Primary,427,22.5,,5060,99,5159,2283,157,1228,358,277,147,140,71,96,47,69,111,4984,"3,287",65,272,69,"4,737",1044,"2,857",98,361,57,"4,562",2236,85,266,95,5044,2362,2291,98,386,64,4876,2283,157,277,71,4984,2196,2479,98,386,55,4962,47,72,11,-24,-60,98,2,46,3,25,7,6,3,3,1,2,1,1,2,69%,1%,6%,1%,100%,NA,NA,NA,NA,NA,44%,2%,5%,2%,100%,NA,NA,NA,NA,NA,46%,3%,6%,1%,100%,NA,NA,NA,NA,NA,2%,1%,1%,-1%,0%
937,125537,Non-London,Primary,216,21.4,,5213,52,5265,2088,39,1784,298,403,222,248,57,186,96,110,107,5638,"3,308",117,437,67,"5,421",1492,"2,857",98,361,57,"4,562",1822,125,423,76,5683,3237,2291,98,386,64,4876,2088,39,403,57,5638,3051,2479,98,386,55,4962,266,-86,-20,-19,-45,99,1,37,1,32,5,7,4,4,1,3,2,2,2,61%,2%,8%,1%,100%,NA,NA,NA,NA,NA,32%,2%,7%,1%,100%,NA,NA,NA,NA,NA,37%,1%,7%,1%,100%,NA,NA,NA,NA,NA,5%,-1%,0%,0%,0%
937,125539,Non-London,Primary,154,16.2,,4954,91,5045,2564,77,776,245,320,302,257,62,92,53,79,63,4890,"3,221",109,347,78,"4,869",1114,"2,857",98,361,57,"4,562",2116,134,495,66,4588,1777,2291,98,386,64,4876,2564,77,320,62,4890,1867,2479,98,386,55,4962,448,-57,-175,-4,302,98,2,52,2,16,5,7,6,5,1,2,1,2,1,66%,2%,7%,2%,100%,NA,NA,NA,NA,NA,46%,3%,11%,1%,100%,NA,NA,NA,NA,NA,52%,2%,7%,1%,100%,NA,NA,NA,NA,NA,6%,-1%,-4%,0%,0%
937,125545,Non-London,Primary,271,11.4,,4697,121,4818,2131,82,906,274,361,195,223,47,69,90,54,122,4554,"2,792",110,258,44,"4,461",1257,"2,857",98,361,57,"4,562",2146,60,322,50,4819,2241,2291,98,386,64,4876,2131,82,361,47,4554,1933,2479,98,386,55,4962,-15,22,39,-3,-265,97,3,47,2,20,6,8,4,5,1,2,2,1,3,63%,2%,6%,1%,100%,NA,NA,NA,NA,NA,45%,1%,7%,1%,100%,NA,NA,NA,NA,NA,47%,2%,8%,1%,100%,NA,NA,NA,NA,NA,2%,1%,1%,0%,0%
937,125550,Non-London,Primary,175,4.6,,4780,141,4921,2191,36,710,365,301,344,132,75,81,38,253,121,4647,"2,906",54,323,81,"4,723",1359,"2,857",98,361,57,"4,562",2421,-34,301,98,5193,2407,2291,98,386,64,4876,2191,36,301,75,4647,2044,2479,98,386,55,4962,-230,70,0,-23,-546,97,3,47,1,15,8,6,7,3,2,2,1,5,3,62%,1%,7%,2%,100%,NA,NA,NA,NA,NA,47%,-1%,6%,2%,100%,NA,NA,NA,NA,NA,47%,1%,6%,2%,100%,NA,NA,NA,NA,NA,0%,2%,0%,0%,0%
937,125551,Non-London,Primary,212,3.3,,4858,545,5403,2669,125,734,230,377,137,463,39,122,23,257,114,5290,"2,980",41,355,60,"4,661",1225,"2,857",98,361,57,"4,562",2445,65,334,59,4883,1980,2291,98,386,64,4876,2669,125,377,39,5290,2080,2479,98,386,55,4962,224,60,43,-20,407,90,10,50,2,14,4,7,3,9,1,2,0,5,2,64%,1%,8%,1%,100%,NA,NA,NA,NA,NA,50%,1%,7%,1%,100%,NA,NA,NA,NA,NA,50%,2%,7%,1%,100%,NA,NA,NA,NA,NA,0%,1%,0%,0%,0%
937,125552,Non-London,Primary,251,8,,4410,629,5039,2582,58,770,227,387,37,90,47,119,21,218,120,4676,"2,687",94,347,51,"4,292",1113,"2,857",98,361,57,"4,562",2349,83,364,54,4594,1744,2291,98,386,64,4876,2582,58,387,47,4676,1602,2479,98,386,55,4962,233,-25,23,-7,82,88,12,55,1,16,5,8,1,2,1,3,0,5,3,63%,2%,8%,1%,100%,NA,NA,NA,NA,NA,51%,2%,8%,1%,100%,NA,NA,NA,NA,NA,55%,1%,8%,1%,100%,NA,NA,NA,NA,NA,4%,-1%,0%,0%,0%
937,125554,Non-London,Primary,215,12.3,,5044,477,5521,2192,204,1238,279,464,159,430,44,151,50,129,111,5451,"2,881",127,361,60,"4,888",1459,"2,857",98,361,57,"4,562",2047,159,432,61,5545,2846,2291,98,386,64,4876,2192,204,464,44,5451,2547,2479,98,386,55,4962,145,45,32,-17,-94,91,9,40,4,23,5,9,3,8,1,3,1,2,2,59%,3%,7%,1%,100%,NA,NA,NA,NA,NA,37%,3%,8%,1%,100%,NA,NA,NA,NA,NA,40%,4%,9%,1%,100%,NA,NA,NA,NA,NA,3%,1%,1%,0%,0%
937,125556,Non-London,Primary,340,9.1,,4340,131,4471,2521,121,496,205,354,23,147,46,121,28,228,74,4364,"2,554",103,405,44,"3,987",881,"2,857",98,361,57,"4,562",2293,97,340,55,4226,1441,2291,98,386,64,4876,2521,121,354,46,4364,1322,2479,98,386,55,4962,228,24,14,-9,138,97,3,58,3,11,5,8,1,3,1,3,1,5,2,64%,3%,10%,1%,100%,NA,NA,NA,NA,NA,54%,2%,8%,1%,100%,NA,NA,NA,NA,NA,58%,3%,8%,1%,100%,NA,NA,NA,NA,NA,4%,1%,0%,0%,0%
937,125559,Non-London,Primary,166,24.1,,5614,158,5772,2667,194,1346,107,461,118,298,78,111,20,322,135,5857,"3,504",255,393,72,"5,446",1222,"2,857",98,361,57,"4,562",2540,251,483,98,6121,2749,2291,98,386,64,4876,2667,194,461,78,5857,2457,2479,98,386,55,4962,127,-57,-22,-20,-264,97,3,46,3,23,2,8,2,5,1,2,0,5,2,64%,5%,7%,1%,100%,NA,NA,NA,NA,NA,41%,4%,8%,2%,100%,NA,NA,NA,NA,NA,46%,3%,8%,1%,100%,NA,NA,NA,NA,NA,5%,-1%,0%,-1%,0%
937,125560,Non-London,Primary,285,31.9,,5391,46,5437,2350,97,566,339,333,322,141,49,171,42,123,99,4632,"2,600",101,329,62,"4,317",1225,"3,233",133,384,66,"5,155",2144,202,407,61,4511,1697,2291,98,386,64,4876,2350,97,333,49,4632,1803,2479,98,386,55,4962,206,-105,-74,-12,121,99,1,51,2,12,7,7,7,3,1,4,1,3,2,60%,2%,8%,1%,100%,NA,NA,NA,NA,NA,48%,4%,9%,1%,100%,NA,NA,NA,NA,NA,51%,2%,7%,1%,100%,NA,NA,NA,NA,NA,3%,-2%,-2%,0%,0%
937,125561,Non-London,Primary,384,15.4,,4898,214,5112,2408,50,776,282,424,83,163,60,201,27,148,82,4704,"2,689",74,354,48,"4,108",943,"2,857",98,361,57,"4,562",1980,65,369,61,4311,1836,2291,98,386,64,4876,2408,50,424,60,4704,1762,2479,98,386,55,4962,428,-15,55,-1,393,96,4,51,1,16,6,9,2,3,1,4,1,3,2,65%,2%,9%,1%,100%,NA,NA,NA,NA,NA,46%,2%,9%,1%,100%,NA,NA,NA,NA,NA,51%,1%,9%,1%,100%,NA,NA,NA,NA,NA,5%,-1%,0%,0%,0%
937,125562,Non-London,Primary,253,4.3,,4952,289,5241,2274,76,862,161,495,339,412,46,116,82,78,112,5053,"2,742",98,317,46,"4,657",1454,"2,857",98,361,57,"4,562",1943,80,383,45,4862,2411,2291,98,386,64,4876,2274,76,495,46,5053,2162,2479,98,386,55,4962,331,-4,112,1,191,94,6,45,2,17,3,10,7,8,1,2,2,2,2,59%,2%,7%,1%,100%,NA,NA,NA,NA,NA,40%,2%,8%,1%,100%,NA,NA,NA,NA,NA,45%,2%,10%,1%,100%,NA,NA,NA,NA,NA,5%,0%,2%,0%,0%
937,125563,Non-London,Primary,259,12.4,,4877,125,5002,2487,66,1069,225,391,322,160,58,116,72,54,88,5108,"2,735",49,344,47,"4,287",1112,"2,857",98,361,57,"4,562",2225,15,456,92,4652,1864,2291,98,386,64,4876,2487,66,391,58,5108,2106,2479,98,386,55,4962,262,51,-65,-34,456,98,2,49,1,21,4,8,6,3,1,2,1,1,2,64%,1%,8%,1%,100%,NA,NA,NA,NA,NA,48%,0%,10%,2%,100%,NA,NA,NA,NA,NA,49%,1%,8%,1%,100%,NA,NA,NA,NA,NA,1%,1%,-2%,-1%,0%
937,125565,Non-London,Primary,406,8.1,,4388,336,4724,2263,72,582,216,265,121,434,42,146,21,143,103,4408,"2,548",80,276,43,"4,189",1242,"2,857",98,361,57,"4,562",2093,93,286,46,4765,2247,2291,98,386,64,4876,2263,72,265,42,4408,1766,2479,98,386,55,4962,170,-21,-21,-4,-357,93,7,51,2,13,5,6,3,10,1,3,0,3,2,61%,2%,7%,1%,100%,NA,NA,NA,NA,NA,44%,2%,6%,1%,100%,NA,NA,NA,NA,NA,51%,2%,6%,1%,100%,NA,NA,NA,NA,NA,7%,0%,0%,0%,0%
937,125566,Non-London,Primary,158,15.2,,5697,273,5970,2882,19,1094,325,414,286,192,50,90,94,155,156,5757,"3,531",20,406,58,"5,323",1308,"2,857",98,361,57,"4,562",2840,8,421,64,5785,2452,2291,98,386,64,4876,2882,19,414,50,5757,2392,2479,98,386,55,4962,42,11,-7,-14,-28,95,5,50,0,19,6,7,5,3,1,2,2,3,3,66%,0%,8%,1%,100%,NA,NA,NA,NA,NA,49%,0%,7%,1%,100%,NA,NA,NA,NA,NA,50%,0%,7%,1%,100%,NA,NA,NA,NA,NA,1%,0%,0%,0%,0%
937,125570,Non-London,Primary,507,27.8,,5139,143,5282,2622,140,834,192,445,150,173,26,86,41,104,77,4890,"2,723",114,291,44,"4,086",914,"2,857",98,361,57,"4,562",2411,84,456,28,4818,1839,2291,98,386,64,4876,2622,140,445,26,4890,1657,2479,98,386,55,4962,211,56,-11,-2,72,97,3,54,3,17,4,9,3,4,1,2,1,2,2,67%,3%,7%,1%,100%,NA,NA,NA,NA,NA,50%,2%,9%,1%,100%,NA,NA,NA,NA,NA,54%,3%,9%,1%,100%,NA,NA,NA,NA,NA,4%,1%,0%,0%,0%
937,125573,Non-London,Primary,177,15.8,,5698,256,5954,2476,75,921,212,436,266,451,55,56,30,181,144,5303,"3,011",78,416,57,"4,908",1346,"2,857",98,361,57,"4,562",2338,52,411,87,5304,2416,2291,98,386,64,4876,2476,75,436,55,5303,2261,2479,98,386,55,4962,138,23,25,-32,-1,96,4,47,1,17,4,8,5,9,1,1,1,3,3,61%,2%,8%,1%,100%,NA,NA,NA,NA,NA,44%,1%,8%,2%,100%,NA,NA,NA,NA,NA,47%,1%,8%,1%,100%,NA,NA,NA,NA,NA,3%,0%,0%,-1%,0%
937,125575,Non-London,Primary,228,11.4,,4938,299,5237,2434,104,937,257,488,160,165,44,123,46,93,148,4999,"2,551",98,486,61,"4,188",992,"2,857",98,361,57,"4,562",2277,172,440,65,4701,1747,2291,98,386,64,4876,2434,104,488,44,4999,1929,2479,98,386,55,4962,157,-68,48,-21,298,94,6,49,2,19,5,10,3,3,1,2,1,2,3,61%,2%,12%,1%,100%,NA,NA,NA,NA,NA,48%,4%,9%,1%,100%,NA,NA,NA,NA,NA,49%,2%,10%,1%,100%,NA,NA,NA,NA,NA,1%,-2%,1%,0%,0%
937,125576,Non-London,Primary,210,31.4,,5996,151,6147,2125,176,1403,282,345,182,226,99,241,105,214,122,5520,"3,285",155,408,96,"5,241",1297,"3,233",133,384,66,"5,155",2009,141,423,76,5091,2442,2291,98,386,64,4876,2125,176,345,99,5520,2775,2479,98,386,55,4962,116,35,-78,23,429,98,2,38,3,25,5,6,3,4,2,4,2,4,2,63%,3%,8%,2%,100%,NA,NA,NA,NA,NA,39%,3%,8%,1%,100%,NA,NA,NA,NA,NA,38%,3%,6%,2%,100%,NA,NA,NA,NA,NA,-1%,0%,-2%,1%,0%
937,125579,Non-London,Primary,173,13.3,,5226,265,5491,2474,103,722,279,430,310,387,40,262,43,141,111,5302,"2,903",208,534,63,"5,227",1519,"2,857",98,361,57,"4,562",2326,162,455,44,5412,2425,2291,98,386,64,4876,2474,103,430,40,5302,2255,2479,98,386,55,4962,148,-59,-25,-4,-110,95,5,47,2,14,5,8,6,7,1,5,1,3,2,56%,4%,10%,1%,100%,NA,NA,NA,NA,NA,43%,3%,8%,1%,100%,NA,NA,NA,NA,NA,47%,2%,8%,1%,100%,NA,NA,NA,NA,NA,4%,-1%,0%,0%,0%
937,125580,Non-London,Primary,264,18.2,,4557,434,4991,2152,117,773,258,311,69,249,52,351,18,195,75,4620,"2,771",43,307,48,"4,289",1120,"2,857",98,361,57,"4,562",2152,89,308,52,4638,2037,2291,98,386,64,4876,2152,117,311,52,4620,1988,2479,98,386,55,4962,0,28,3,0,-18,91,9,47,3,17,6,7,1,5,1,8,0,4,2,65%,1%,7%,1%,100%,NA,NA,NA,NA,NA,46%,2%,7%,1%,100%,NA,NA,NA,NA,NA,47%,3%,7%,1%,100%,NA,NA,NA,NA,NA,1%,1%,0%,0%,0%
937,125581,Non-London,Primary,151,13.9,,5467,296,5763,2766,77,828,290,488,307,175,60,53,111,159,269,5583,"3,193",122,501,61,"4,976",1099,"2,857",98,361,57,"4,562",2608,131,520,75,5580,2246,2291,98,386,64,4876,2766,77,488,60,5583,2192,2479,98,386,55,4962,158,-54,-32,-15,3,95,5,50,1,15,5,9,5,3,1,1,2,3,5,64%,2%,10%,1%,100%,NA,NA,NA,NA,NA,47%,2%,9%,1%,100%,NA,NA,NA,NA,NA,50%,1%,9%,1%,100%,NA,NA,NA,NA,NA,3%,-1%,0%,0%,0%
937,125584,Non-London,Primary,149,9.4,,5095,159,5254,2352,133,712,238,491,185,82,34,93,80,281,105,4786,"3,273",37,644,65,"5,287",1268,"2,857",98,361,57,"4,562",2382,26,484,28,4704,1784,2291,98,386,64,4876,2352,133,491,34,4786,1776,2479,98,386,55,4962,-30,107,7,6,82,97,3,49,3,15,5,10,4,2,1,2,2,6,2,62%,1%,12%,1%,100%,NA,NA,NA,NA,NA,51%,1%,10%,1%,100%,NA,NA,NA,NA,NA,49%,3%,10%,1%,100%,NA,NA,NA,NA,NA,-2%,2%,0%,0%,0%
937,125585,Non-London,Primary,183,38.3,,5682,161,5843,2593,182,1108,355,641,108,241,84,115,73,94,136,5730,"3,205",314,584,82,"5,412",1227,"3,233",133,384,66,"5,155",2590,243,622,94,5849,2300,2291,98,386,64,4876,2593,182,641,84,5730,2230,2479,98,386,55,4962,3,-61,19,-10,-119,97,3,45,3,19,6,11,2,4,1,2,1,2,2,59%,6%,11%,2%,100%,NA,NA,NA,NA,NA,44%,4%,11%,2%,100%,NA,NA,NA,NA,NA,45%,3%,11%,1%,100%,NA,NA,NA,NA,NA,1%,-1%,0%,-1%,0%
937,125591,Non-London,Primary,351,16,,4673,196,4869,2260,142,789,259,397,55,138,14,96,52,126,139,4467,"2,999",96,340,54,"4,282",793,"2,857",98,361,57,"4,562",2439,105,331,31,4613,1707,2291,98,386,64,4876,2260,142,397,14,4467,1654,2479,98,386,55,4962,-179,37,66,-17,-146,96,4,51,3,18,6,9,1,3,0,2,1,3,3,70%,2%,8%,1%,100%,NA,NA,NA,NA,NA,53%,2%,7%,1%,100%,NA,NA,NA,NA,NA,51%,3%,9%,0%,100%,NA,NA,NA,NA,NA,-2%,1%,2%,-1%,0%
937,125595,Non-London,Primary,264,20.8,,4925,183,5108,2202,91,1230,182,360,304,229,49,132,40,92,109,5020,"2,939",121,331,46,"4,419",982,"2,857",98,361,57,"4,562",2099,101,313,53,4997,2431,2291,98,386,64,4876,2202,91,360,49,5020,2318,2479,98,386,55,4962,103,-10,47,-4,23,96,4,44,2,25,4,7,6,5,1,3,1,2,2,67%,3%,7%,1%,100%,NA,NA,NA,NA,NA,42%,2%,6%,1%,100%,NA,NA,NA,NA,NA,44%,2%,7%,1%,100%,NA,NA,NA,NA,NA,2%,0%,1%,0%,0%
937,125598,Non-London,Primary,460,30,,5257,194,5451,2441,205,767,215,326,100,226,32,256,51,122,97,4838,"2,930",136,301,33,"4,525",1125,"2,857",98,361,57,"4,562",2376,165,344,44,4693,1764,2291,98,386,64,4876,2441,205,326,32,4838,1834,2479,98,386,55,4962,65,40,-18,-12,145,96,4,50,4,16,4,7,2,5,1,5,1,3,2,65%,3%,7%,1%,100%,NA,NA,NA,NA,NA,51%,4%,7%,1%,100%,NA,NA,NA,NA,NA,50%,4%,7%,1%,100%,NA,NA,NA,NA,NA,-1%,0%,0%,0%,0%
937,125603,Non-London,Primary,255,23.5,,4915,335,5250,2641,77,453,349,473,33,339,60,91,21,105,127,4769,"3,214",-1,365,61,"4,856",1217,"3,233",133,384,66,"5,155",2524,13,588,56,5484,2303,2291,98,386,64,4876,2641,77,473,60,4769,1518,2479,98,386,55,4962,117,64,-115,4,-715,94,6,55,2,9,7,10,1,7,1,2,0,2,3,66%,0%,8%,1%,100%,NA,NA,NA,NA,NA,46%,0%,11%,1%,100%,NA,NA,NA,NA,NA,55%,2%,10%,1%,100%,NA,NA,NA,NA,NA,9%,2%,-1%,0%,0%
937,125605,Non-London,Primary,309,29.1,,5158,287,5445,2316,272,606,266,496,77,165,48,90,86,196,153,4771,"2,797",145,483,49,"4,473",999,"2,857",98,361,57,"4,562",2247,268,466,66,4826,1779,2291,98,386,64,4876,2316,272,496,48,4771,1639,2479,98,386,55,4962,69,4,30,-18,-55,95,5,49,6,13,6,10,2,3,1,2,2,4,3,63%,3%,11%,1%,100%,NA,NA,NA,NA,NA,47%,6%,10%,1%,100%,NA,NA,NA,NA,NA,49%,6%,10%,1%,100%,NA,NA,NA,NA,NA,2%,0%,0%,0%,0%
937,125607,Non-London,Primary,218,23.4,,5535,177,5712,2992,56,938,235,386,105,215,77,153,35,86,152,5430,"3,173",74,310,86,"4,661",1018,"2,857",98,361,57,"4,562",2791,45,354,90,5339,2059,2291,98,386,64,4876,2992,56,386,77,5430,1919,2479,98,386,55,4962,201,11,32,-13,91,97,3,55,1,17,4,7,2,4,1,3,1,2,3,68%,2%,7%,2%,100%,NA,NA,NA,NA,NA,52%,1%,7%,2%,100%,NA,NA,NA,NA,NA,55%,1%,7%,1%,100%,NA,NA,NA,NA,NA,3%,0%,0%,-1%,0%
937,125609,Non-London,Primary,206,4.9,,4652,574,5226,2388,44,915,508,430,169,245,67,143,24,130,89,5152,"2,547",134,386,50,"4,236",1119,"2,857",98,361,57,"4,562",2137,12,376,68,4523,1930,2291,98,386,64,4876,2388,44,430,67,5152,2223,2479,98,386,55,4962,251,32,54,-1,629,89,11,46,1,18,10,8,3,5,1,3,0,3,2,60%,3%,9%,1%,100%,NA,NA,NA,NA,NA,47%,0%,8%,2%,100%,NA,NA,NA,NA,NA,46%,1%,8%,1%,100%,NA,NA,NA,NA,NA,-1%,1%,0%,-1%,0%
937,125610,Non-London,Primary,319,3.4,,4914,333,5247,2380,150,828,281,392,149,290,50,152,39,344,71,5126,"2,959",110,291,54,"4,759",1345,"2,857",98,361,57,"4,562",2165,85,330,77,5127,2470,2291,98,386,64,4876,2380,150,392,50,5126,2154,2479,98,386,55,4962,215,65,62,-27,-1,94,6,46,3,16,5,8,3,6,1,3,1,7,1,62%,2%,6%,1%,100%,NA,NA,NA,NA,NA,42%,2%,6%,2%,100%,NA,NA,NA,NA,NA,46%,3%,8%,1%,100%,NA,NA,NA,NA,NA,4%,1%,2%,-1%,0%
937,125616,Non-London,Primary,152,32.9,,6071,185,6256,2716,135,1272,354,486,263,196,75,61,141,156,109,5964,"3,061",112,388,57,"5,115",1497,"2,857",98,361,57,"4,562",2473,120,431,75,5832,2733,2291,98,386,64,4876,2716,135,486,75,5964,2552,2479,98,386,55,4962,243,15,55,0,132,97,3,46,2,21,6,8,4,3,1,1,2,3,2,60%,2%,8%,1%,100%,NA,NA,NA,NA,NA,42%,2%,7%,1%,100%,NA,NA,NA,NA,NA,46%,2%,8%,1%,100%,NA,NA,NA,NA,NA,4%,0%,1%,0%,0%
937,125618,Non-London,Primary,187,8.8,,5776,490,6266,2613,118,950,327,515,330,190,74,56,42,122,468,5805,"3,247",167,448,84,"4,921",975,"2,857",98,361,57,"4,562",2368,45,446,74,5000,2067,2291,98,386,64,4876,2613,118,515,74,5805,2485,2479,98,386,55,4962,245,73,69,0,805,92,8,45,2,16,6,9,6,3,1,1,1,2,8,66%,3%,9%,2%,100%,NA,NA,NA,NA,NA,47%,1%,9%,1%,100%,NA,NA,NA,NA,NA,45%,2%,9%,1%,100%,NA,NA,NA,NA,NA,-2%,1%,0%,0%,0%
937,125620,Non-London,Primary,308,10.1,,5346,121,5467,2472,73,1061,245,241,116,204,85,241,39,93,236,5106,"3,122",185,327,59,"4,760",1067,"2,857",98,361,57,"4,562",2288,228,455,97,5267,2199,2291,98,386,64,4876,2472,73,241,85,5106,2235,2479,98,386,55,4962,184,-155,-214,-12,-161,98,2,48,1,21,5,5,2,4,2,5,1,2,5,66%,4%,7%,1%,100%,NA,NA,NA,NA,NA,43%,4%,9%,2%,100%,NA,NA,NA,NA,NA,48%,1%,5%,2%,100%,NA,NA,NA,NA,NA,5%,-3%,-4%,0%,0%
937,130870,Non-London,Primary,255,11.2,,5162,485,5647,2928,83,994,261,496,117,224,84,157,58,69,156,5627,"3,299",38,313,72,"4,920",1198,"2,857",98,361,57,"4,562",2703,166,406,95,5745,2375,2291,98,386,64,4876,2928,83,496,84,5627,2036,2479,98,386,55,4962,225,-83,90,-11,-118,91,9,52,1,18,5,9,2,4,1,3,1,1,3,67%,1%,6%,1%,100%,NA,NA,NA,NA,NA,47%,3%,7%,2%,100%,NA,NA,NA,NA,NA,52%,1%,9%,1%,100%,NA,NA,NA,NA,NA,5%,-2%,2%,-1%,0%
937,130869,Non-London,Primary,286,28.1,,5643,146,5789,2050,60,1214,280,450,119,660,75,145,28,120,-945,4256,"3,873",61,477,111,"5,757",1235,"3,233",133,384,66,"5,155",2636,97,380,173,6630,3344,2291,98,386,64,4876,2050,60,450,75,4256,1621,2479,98,386,55,4962,-586,-37,70,-98,"-2,374",97,3,48,1,29,7,11,3,16,2,3,1,3,-22,67%,1%,8%,2%,100%,NA,NA,NA,NA,NA,40%,1%,6%,3%,100%,NA,NA,NA,NA,NA,48%,1%,11%,2%,100%,NA,NA,NA,NA,NA,8%,0%,5%,-1%,0%
937,130868,Non-London,Primary,398,21.1,,4948,186,5134,2516,90,889,291,309,138,208,54,100,37,246,118,4996,"2,759",87,324,40,"4,586",1376,"2,857",98,361,57,"4,562",2224,94,334,53,4872,2167,2291,98,386,64,4876,2516,90,309,54,4996,2027,2479,98,386,55,4962,292,-4,-25,1,124,96,4,50,2,18,6,6,3,4,1,2,1,5,2,60%,2%,7%,1%,100%,NA,NA,NA,NA,NA,46%,2%,7%,1%,100%,NA,NA,NA,NA,NA,50%,2%,6%,1%,100%,NA,NA,NA,NA,NA,4%,0%,-1%,0%,0%
937,130867,Non-London,Primary,634,9,,4568,172,4740,2232,102,844,237,296,170,131,41,172,53,128,62,4468,"2,568",85,248,50,"3,914",963,"2,857",98,361,57,"4,562",2008,117,262,42,4136,1707,2291,98,386,64,4876,2232,102,296,41,4468,1797,2479,98,386,55,4962,224,-15,34,-1,332,96,4,50,2,19,5,7,4,3,1,4,1,3,1,66%,2%,6%,1%,100%,NA,NA,NA,NA,NA,49%,3%,6%,1%,100%,NA,NA,NA,NA,NA,50%,2%,7%,1%,100%,NA,NA,NA,NA,NA,1%,-1%,1%,0%,0%
937,130885,Non-London,Primary,613,10.4,,4731,116,4847,2184,37,1017,285,263,166,152,51,185,44,185,124,4693,"2,706",37,223,51,"4,110",1093,"2,857",98,361,57,"4,562",2018,58,235,58,4426,2057,2291,98,386,64,4876,2184,37,263,51,4693,2158,2479,98,386,55,4962,166,-21,28,-7,267,98,2,47,1,22,6,6,4,3,1,4,1,4,3,66%,1%,5%,1%,100%,NA,NA,NA,NA,NA,46%,1%,5%,1%,100%,NA,NA,NA,NA,NA,47%,1%,6%,1%,100%,NA,NA,NA,NA,NA,1%,0%,1%,0%,0%
937,130886,Non-London,Primary,188,11.7,,5169,451,5620,2603,196,809,364,510,170,137,67,123,40,133,240,5392,"2,702",186,305,70,"4,409",1146,"2,857",98,361,57,"4,562",2168,166,401,48,4710,1927,2291,98,386,64,4876,2603,196,510,67,5392,2016,2479,98,386,55,4962,435,30,109,19,682,92,8,48,4,15,7,9,3,3,1,2,1,2,4,61%,4%,7%,2%,100%,NA,NA,NA,NA,NA,46%,4%,9%,1%,100%,NA,NA,NA,NA,NA,48%,4%,9%,1%,100%,NA,NA,NA,NA,NA,2%,0%,0%,0%,0%
937,130887,Non-London,Primary,359,15.9,,4640,291,4931,2374,153,709,174,405,148,211,61,87,65,140,135,4662,"2,709",279,535,69,"4,928",1336,"2,857",98,361,57,"4,562",2248,107,592,76,4863,1840,2291,98,386,64,4876,2374,153,405,61,4662,1669,2479,98,386,55,4962,126,46,-187,-15,-201,94,6,51,3,15,4,9,3,5,1,2,1,3,3,55%,6%,11%,1%,100%,NA,NA,NA,NA,NA,46%,2%,12%,2%,100%,NA,NA,NA,NA,NA,51%,3%,9%,1%,100%,NA,NA,NA,NA,NA,5%,1%,-3%,-1%,0%
937,130889,Non-London,Primary,660,30.7,,4952,224,5176,2572,43,854,192,203,126,229,38,181,123,59,106,4726,"3,028",50,169,45,"4,482",1190,"2,857",98,361,57,"4,562",2393,34,183,51,4724,2063,2291,98,386,64,4876,2572,43,203,38,4726,1870,2479,98,386,55,4962,179,9,20,-13,2,96,4,54,1,18,4,4,3,5,1,4,3,1,2,68%,1%,4%,1%,100%,NA,NA,NA,NA,NA,51%,1%,4%,1%,100%,NA,NA,NA,NA,NA,54%,1%,4%,1%,100%,NA,NA,NA,NA,NA,3%,0%,0%,0%,0%
937,130893,Non-London,Primary,167,15,,5612,383,5995,2521,58,1215,302,488,348,251,60,123,26,119,124,5635,"3,228",90,418,61,"4,893",1096,"2,857",98,361,57,"4,562",2334,99,450,66,5426,2477,2291,98,386,64,4876,2521,58,488,60,5635,2508,2479,98,386,55,4962,187,-41,38,-6,209,94,6,45,1,22,5,9,6,4,1,2,0,2,2,66%,2%,9%,1%,100%,NA,NA,NA,NA,NA,43%,2%,8%,1%,100%,NA,NA,NA,NA,NA,45%,1%,9%,1%,100%,NA,NA,NA,NA,NA,2%,-1%,1%,0%,0%
937,130894,Non-London,Primary,422,9.7,,4461,183,4644,2256,73,869,264,347,119,163,32,115,49,46,91,4424,"2,608",71,287,43,"3,901",892,"2,857",98,361,57,"4,562",2115,50,309,42,4237,1721,2291,98,386,64,4876,2256,73,347,32,4424,1716,2479,98,386,55,4962,141,23,38,-10,187,96,4,51,2,20,6,8,3,4,1,3,1,1,2,67%,2%,7%,1%,100%,NA,NA,NA,NA,NA,50%,1%,7%,1%,100%,NA,NA,NA,NA,NA,51%,2%,8%,1%,100%,NA,NA,NA,NA,NA,1%,1%,1%,0%,0%
937,130895,Non-London,Primary,445,14.6,,4756,95,4851,2119,30,1115,259,271,127,190,52,80,50,82,102,4477,"2,762",84,249,46,"4,249",1108,"2,857",98,361,57,"4,562",2054,8,256,68,4495,2109,2291,98,386,64,4876,2119,30,271,52,4477,2005,2479,98,386,55,4962,65,22,15,-16,-18,98,2,47,1,25,6,6,3,4,1,2,1,2,2,65%,2%,6%,1%,100%,NA,NA,NA,NA,NA,46%,0%,6%,2%,100%,NA,NA,NA,NA,NA,47%,1%,6%,1%,100%,NA,NA,NA,NA,NA,1%,1%,0%,-1%,0%
937,130896,Non-London,Primary,363,38.6,,5508,222,5730,2404,245,1015,228,311,175,171,30,136,36,105,38,4894,"2,963",138,291,69,"4,383",922,"3,233",133,384,66,"5,155",2512,118,339,3,5037,2065,2291,98,386,64,4876,2404,245,311,30,4894,1904,2479,98,386,55,4962,-108,127,-28,27,-143,96,4,49,5,21,5,6,4,3,1,3,1,2,1,68%,3%,7%,2%,100%,NA,NA,NA,NA,NA,50%,2%,7%,0%,100%,NA,NA,NA,NA,NA,49%,5%,6%,1%,100%,NA,NA,NA,NA,NA,-1%,3%,-1%,1%,0%
937,130897,Non-London,Primary,377,28.9,,5240,92,5332,2625,34,1159,303,336,141,153,56,91,56,104,74,5132,"3,006",51,309,46,"4,468",1056,"3,233",133,384,66,"5,155",2423,75,289,54,5092,2251,2291,98,386,64,4876,2625,34,336,56,5132,2081,2479,98,386,55,4962,202,-41,47,2,40,98,2,51,1,23,6,7,3,3,1,2,1,2,1,67%,1%,7%,1%,100%,NA,NA,NA,NA,NA,48%,1%,6%,1%,100%,NA,NA,NA,NA,NA,51%,1%,7%,1%,100%,NA,NA,NA,NA,NA,3%,0%,1%,0%,0%
937,130898,Non-London,Primary,148,23.2,,6670,950,7620,2855,144,1173,343,558,256,231,138,106,45,143,83,6075,"2,905",142,404,56,"4,981",1474,"2,857",98,361,57,"4,562",1978,200,406,53,5038,2401,2291,98,386,64,4876,2855,144,558,138,6075,2380,2479,98,386,55,4962,877,-56,152,85,"1,037",88,12,47,2,19,6,9,4,4,2,2,1,2,1,58%,3%,8%,1%,100%,NA,NA,NA,NA,NA,39%,4%,8%,1%,100%,NA,NA,NA,NA,NA,47%,2%,9%,2%,100%,NA,NA,NA,NA,NA,8%,-2%,1%,1%,0%
937,130951,Non-London,Primary,204,15.7,,5164,132,5296,2838,52,853,251,360,64,193,51,81,30,98,214,5085,"2,655",360,427,57,"4,842",1343,"2,857",98,361,57,"4,562",2615,278,449,60,5310,1908,2291,98,386,64,4876,2838,52,360,51,5085,1784,2479,98,386,55,4962,223,-226,-89,-9,-225,98,2,56,1,17,5,7,1,4,1,2,1,2,4,55%,7%,9%,1%,100%,NA,NA,NA,NA,NA,49%,5%,8%,1%,100%,NA,NA,NA,NA,NA,56%,1%,7%,1%,100%,NA,NA,NA,NA,NA,7%,-4%,-1%,0%,0%
937,130872,Non-London,Primary,173,31.2,,5926,96,6022,2502,39,821,266,370,157,107,55,149,54,82,237,4839,"3,249",190,569,106,"5,376",1262,"3,233",133,384,66,"5,155",3017,105,529,108,6558,2799,2291,98,386,64,4876,2502,39,370,55,4839,1873,2479,98,386,55,4962,-515,-66,-159,-53,"-1,719",98,2,52,1,17,5,8,3,2,1,3,1,2,5,60%,4%,11%,2%,100%,NA,NA,NA,NA,NA,46%,2%,8%,2%,100%,NA,NA,NA,NA,NA,52%,1%,8%,1%,100%,NA,NA,NA,NA,NA,6%,-1%,0%,-1%,0%
937,132059,Non-London,Primary,430,46.6,,5950,148,6098,2927,63,1541,300,375,270,204,39,218,79,75,116,6207,"3,530",19,454,48,"5,022",971,"3,530",19,454,48,"5,022",2469,-10,424,55,5694,2756,2291,98,386,64,4876,2927,63,375,39,6207,2803,2479,98,386,55,4962,458,73,-49,-16,513,98,2,47,1,25,5,6,4,3,1,4,1,1,2,70%,0%,9%,1%,100%,NA,NA,NA,NA,NA,43%,0%,7%,1%,100%,NA,NA,NA,NA,NA,47%,1%,6%,1%,100%,NA,NA,NA,NA,NA,4%,1%,-1%,0%,0%
937,125623,Non-London,Primary,201,9,,4737,225,4962,2583,85,796,272,369,-4,60,67,130,29,158,130,4675,"2,621",183,377,57,"4,247",1009,"2,857",98,361,57,"4,562",2264,79,347,79,4553,1784,2291,98,386,64,4876,2583,85,369,67,4675,1571,2479,98,386,55,4962,319,6,22,-12,122,95,5,55,2,17,6,8,0,1,1,3,1,3,3,62%,4%,9%,1%,100%,NA,NA,NA,NA,NA,50%,2%,8%,2%,100%,NA,NA,NA,NA,NA,55%,2%,8%,1%,100%,NA,NA,NA,NA,NA,5%,0%,0%,-1%,0%
937,125625,Non-London,Primary,309,17.5,,4647,84,4731,2374,54,705,273,285,160,151,40,180,36,131,182,4571,"2,516",68,270,49,"4,137",1234,"2,857",98,361,57,"4,562",2180,80,291,49,4309,1709,2291,98,386,64,4876,2374,54,285,40,4571,1818,2479,98,386,55,4962,194,-26,-6,-9,262,98,2,52,1,15,6,6,4,3,1,4,1,3,4,61%,2%,7%,1%,100%,NA,NA,NA,NA,NA,51%,2%,7%,1%,100%,NA,NA,NA,NA,NA,52%,1%,6%,1%,100%,NA,NA,NA,NA,NA,1%,-1%,-1%,0%,0%
937,125626,Non-London,Primary,82,9.8,,6514,323,6837,2912,31,660,433,752,127,284,82,155,49,124,111,5720,"3,087",294,601,136,"5,410",1292,"2,857",98,361,57,"4,562",3010,102,670,113,6097,2202,2291,98,386,64,4876,2912,31,752,82,5720,1943,2479,98,386,55,4962,-98,-71,82,-31,-377,95,5,51,1,12,8,13,2,5,1,3,1,2,2,57%,5%,11%,3%,100%,NA,NA,NA,NA,NA,49%,2%,11%,2%,100%,NA,NA,NA,NA,NA,51%,1%,13%,1%,100%,NA,NA,NA,NA,NA,2%,-1%,2%,-1%,0%
937,125631,Non-London,Primary,197,12.2,,5148,169,5317,2602,74,1094,200,340,156,116,41,170,49,133,72,5047,"2,828",61,326,52,"4,440",1173,"2,857",98,361,57,"4,562",2234,34,294,48,4510,1900,2291,98,386,64,4876,2602,74,340,41,5047,1990,2479,98,386,55,4962,368,40,46,-7,537,97,3,52,1,22,4,7,3,2,1,3,1,3,1,64%,1%,7%,1%,100%,NA,NA,NA,NA,NA,50%,1%,7%,1%,100%,NA,NA,NA,NA,NA,52%,1%,7%,1%,100%,NA,NA,NA,NA,NA,2%,0%,0%,0%,0%
937,125635,Non-London,Primary,90,21.1,,6165,416,6581,3005,226,619,471,777,172,352,125,240,212,49,-129,6119,"3,496",24,577,113,"5,377",1167,"2,857",98,361,57,"4,562",3573,75,677,114,6579,2140,2291,98,386,64,4876,3005,226,777,125,6119,1986,2479,98,386,55,4962,-568,151,100,11,-460,94,6,49,4,10,8,13,3,6,2,4,3,1,-2,65%,0%,11%,2%,100%,NA,NA,NA,NA,NA,54%,1%,10%,2%,100%,NA,NA,NA,NA,NA,49%,4%,13%,2%,100%,NA,NA,NA,NA,NA,-5%,3%,3%,0%,0%
937,125636,Non-London,Primary,204,10.3,,4483,267,4750,2322,86,708,278,358,144,335,50,212,27,96,81,4697,"2,628",308,322,52,"4,310",1000,"2,857",98,361,57,"4,562",2116,251,329,54,4516,1766,2291,98,386,64,4876,2322,86,358,50,4697,1881,2479,98,386,55,4962,206,-165,29,-4,181,94,6,49,2,15,6,8,3,7,1,5,1,2,2,61%,7%,7%,1%,100%,NA,NA,NA,NA,NA,47%,6%,7%,1%,100%,NA,NA,NA,NA,NA,49%,2%,8%,1%,100%,NA,NA,NA,NA,NA,2%,-4%,1%,0%,0%
937,125637,Non-London,Primary,119,7.6,,4978,228,5206,2530,60,587,175,705,168,171,55,104,6,111,108,4780,"2,886",109,529,57,"4,744",1163,"2,857",98,361,57,"4,562",2396,58,695,45,4951,1757,2291,98,386,64,4876,2530,60,705,55,4780,1430,2479,98,386,55,4962,134,2,10,10,-171,96,4,53,1,12,4,15,4,4,1,2,0,2,2,61%,2%,11%,1%,100%,NA,NA,NA,NA,NA,48%,1%,14%,1%,100%,NA,NA,NA,NA,NA,53%,1%,15%,1%,100%,NA,NA,NA,NA,NA,5%,0%,1%,0%,0%
937,125639,Non-London,Primary,40,32.5,,10573,106,10679,5577,116,1670,236,963,225,258,46,196,92,554,8,9941,"8,762",431,882,121,"13,756",3560,"2,857",98,361,57,"4,562",5764,154,1073,70,11184,4123,2291,98,386,64,4876,5577,116,963,46,9941,3239,2479,98,386,55,4962,-187,-38,-110,-24,"-1,243",99,1,56,1,17,2,10,2,3,0,2,1,6,0,64%,3%,6%,1%,100%,NA,NA,NA,NA,NA,52%,1%,10%,1%,100%,NA,NA,NA,NA,NA,56%,1%,10%,0%,100%,NA,NA,NA,NA,NA,4%,0%,0%,-1%,0%
937,125640,Non-London,Primary,114,3.5,,5111,234,5345,2722,14,1018,189,353,111,279,45,134,63,214,120,5262,"3,331",15,417,46,"5,086",1277,"2,857",98,361,57,"4,562",2484,13,385,67,5253,2304,2291,98,386,64,4876,2722,14,353,45,5262,2128,2479,98,386,55,4962,238,1,-32,-22,9,96,4,52,0,19,4,7,2,5,1,3,1,4,2,65%,0%,8%,1%,100%,NA,NA,NA,NA,NA,47%,0%,7%,1%,100%,NA,NA,NA,NA,NA,52%,0%,7%,1%,100%,NA,NA,NA,NA,NA,5%,0%,0%,0%,0%
937,125646,Non-London,Primary,80,21.3,,6624,689,7313,3717,63,532,206,666,192,135,45,37,54,201,39,5887,"3,549",-45,642,42,"5,172",984,"2,857",98,361,57,"4,562",3307,59,676,44,5953,1867,2291,98,386,64,4876,3717,63,666,45,5887,1396,2479,98,386,55,4962,410,4,-10,1,-66,91,9,63,1,9,3,11,3,2,1,1,1,3,1,69%,-1%,12%,1%,100%,NA,NA,NA,NA,NA,56%,1%,11%,1%,100%,NA,NA,NA,NA,NA,63%,1%,11%,1%,100%,NA,NA,NA,NA,NA,7%,0%,0%,0%,0%
937,125649,Non-London,Primary,115,7,,5904,261,6165,2988,103,483,340,524,185,184,89,137,75,270,131,5509,"2,753",101,429,90,"4,520",1147,"2,857",98,361,57,"4,562",2658,47,603,94,4988,1586,2291,98,386,64,4876,2988,103,524,89,5509,1805,2479,98,386,55,4962,330,56,-79,-5,521,96,4,54,2,9,6,10,3,3,2,2,1,5,2,61%,2%,9%,2%,100%,NA,NA,NA,NA,NA,53%,1%,12%,2%,100%,NA,NA,NA,NA,NA,54%,2%,10%,2%,100%,NA,NA,NA,NA,NA,1%,1%,-2%,0%,0%
937,125651,Non-London,Primary,405,18,,4815,522,5337,2328,69,723,220,332,193,405,42,218,28,150,44,4752,"2,765",155,282,65,"4,254",987,"2,857",98,361,57,"4,562",2226,98,306,70,4698,1998,2291,98,386,64,4876,2328,69,332,42,4752,1981,2479,98,386,55,4962,102,-29,26,-28,54,90,10,49,1,15,5,7,4,9,1,5,1,3,1,65%,4%,7%,2%,100%,NA,NA,NA,NA,NA,47%,2%,7%,1%,100%,NA,NA,NA,NA,NA,49%,1%,7%,1%,100%,NA,NA,NA,NA,NA,2%,-1%,0%,0%,0%
937,125652,Non-London,Primary,100,15,,5866,184,6050,3494,140,544,277,442,124,473,104,244,44,89,123,6098,"3,050",62,351,99,"4,716",1154,"2,857",98,361,57,"4,562",3187,76,423,103,6039,2250,2291,98,386,64,4876,3494,140,442,104,6098,1918,2479,98,386,55,4962,307,64,19,1,59,97,3,57,2,9,5,7,2,8,2,4,1,1,2,65%,1%,7%,2%,100%,NA,NA,NA,NA,NA,53%,1%,7%,2%,100%,NA,NA,NA,NA,NA,57%,2%,7%,2%,100%,NA,NA,NA,NA,NA,4%,1%,0%,0%,0%
937,125653,Non-London,Primary,236,40.7,,6223,499,6722,2275,86,1776,308,488,136,307,64,261,38,403,113,6255,"3,364",77,403,56,"5,326",1426,"3,233",133,384,66,"5,155",2074,84,463,60,6029,3348,2291,98,386,64,4876,2275,86,488,64,6255,3342,2479,98,386,55,4962,201,2,25,4,226,93,7,36,1,28,5,8,2,5,1,4,1,6,2,63%,1%,8%,1%,100%,NA,NA,NA,NA,NA,34%,1%,8%,1%,100%,NA,NA,NA,NA,NA,36%,1%,8%,1%,100%,NA,NA,NA,NA,NA,2%,0%,0%,0%,0%
937,125654,Non-London,Primary,188,25.9,,7849,1000,8849,2531,156,2965,342,952,270,376,91,123,44,92,170,8112,"2,991",202,505,53,"5,930",2179,"2,857",98,361,57,"4,562",2065,132,1492,61,5772,2022,2291,98,386,64,4876,2531,156,952,91,8112,4382,2479,98,386,55,4962,466,24,-540,30,"2,340",89,11,31,2,37,4,12,3,5,1,2,1,1,2,50%,3%,9%,1%,100%,NA,NA,NA,NA,NA,36%,2%,26%,1%,100%,NA,NA,NA,NA,NA,31%,2%,12%,1%,100%,NA,NA,NA,NA,NA,-5%,0%,-14%,0%,0%
937,125656,Non-London,Primary,443,19,,4628,282,4910,2342,56,1077,280,321,85,295,51,213,52,23,87,4882,"2,839",24,289,45,"4,762",1565,"2,857",98,361,57,"4,562",2123,19,298,51,4917,2426,2291,98,386,64,4876,2342,56,321,51,4882,2112,2479,98,386,55,4962,219,37,23,0,-35,94,6,48,1,22,6,7,2,6,1,4,1,0,2,60%,1%,6%,1%,100%,NA,NA,NA,NA,NA,43%,0%,6%,1%,100%,NA,NA,NA,NA,NA,48%,1%,7%,1%,100%,NA,NA,NA,NA,NA,5%,1%,1%,0%,0%
937,125657,Non-London,Primary,210,9,,4581,156,4737,2515,51,648,242,290,162,116,43,107,37,250,115,4576,"2,633",180,267,62,"4,395",1253,"2,857",98,361,57,"4,562",2330,116,265,70,4723,1942,2291,98,386,64,4876,2515,51,290,43,4576,1677,2479,98,386,55,4962,185,-65,25,-27,-147,97,3,55,1,14,5,6,4,3,1,2,1,5,3,60%,4%,6%,1%,100%,NA,NA,NA,NA,NA,49%,2%,6%,1%,100%,NA,NA,NA,NA,NA,55%,1%,6%,1%,100%,NA,NA,NA,NA,NA,6%,-1%,0%,0%,0%
937,125660,Non-London,Primary,188,8,,5238,109,5347,2501,85,1165,336,324,143,251,72,140,54,72,94,5237,"3,050",119,298,69,"4,883",1347,"2,857",98,361,57,"4,562",2207,68,302,77,5014,2360,2291,98,386,64,4876,2501,85,324,72,5237,2255,2479,98,386,55,4962,294,17,22,-5,223,98,2,48,2,22,6,6,3,5,1,3,1,1,2,62%,2%,6%,1%,100%,NA,NA,NA,NA,NA,44%,1%,6%,2%,100%,NA,NA,NA,NA,NA,48%,2%,6%,1%,100%,NA,NA,NA,NA,NA,4%,1%,0%,-1%,0%
937,125661,Non-London,Primary,413,3.1,,4363,118,4481,2212,34,690,242,225,149,81,58,116,25,83,97,4012,"2,630",42,216,48,"3,828",892,"2,857",98,361,57,"4,562",2062,2,225,49,3933,1595,2291,98,386,64,4876,2212,34,225,58,4012,1483,2479,98,386,55,4962,150,32,0,9,79,97,3,55,1,17,6,6,4,2,1,3,1,2,2,69%,1%,6%,1%,100%,NA,NA,NA,NA,NA,52%,0%,6%,1%,100%,NA,NA,NA,NA,NA,55%,1%,6%,1%,100%,NA,NA,NA,NA,NA,3%,1%,0%,0%,0%
937,125662,Non-London,Primary,179,14.5,,5275,665,5940,2493,84,805,183,351,159,300,68,100,53,174,130,4900,"2,724",113,400,77,"4,329",1015,"2,857",98,361,57,"4,562",2431,135,400,85,5089,2038,2291,98,386,64,4876,2493,84,351,68,4900,1904,2479,98,386,55,4962,62,-51,-49,-17,-189,89,11,51,2,16,4,7,3,6,1,2,1,4,3,63%,3%,9%,2%,100%,NA,NA,NA,NA,NA,48%,3%,8%,2%,100%,NA,NA,NA,NA,NA,51%,2%,7%,1%,100%,NA,NA,NA,NA,NA,3%,-1%,-1%,-1%,0%
937,125665,Non-London,Primary,213,15.5,,4800,325,5125,2495,88,685,264,265,212,92,48,147,24,169,99,4588,"3,043",73,251,46,"4,562",1149,"2,857",98,361,57,"4,562",2400,78,259,54,4794,2003,2291,98,386,64,4876,2495,88,265,48,4588,1692,2479,98,386,55,4962,95,10,6,-6,-206,94,6,54,2,15,6,6,5,2,1,3,1,4,2,67%,2%,6%,1%,100%,NA,NA,NA,NA,NA,50%,2%,5%,1%,100%,NA,NA,NA,NA,NA,54%,2%,6%,1%,100%,NA,NA,NA,NA,NA,4%,0%,1%,0%,0%
937,125666,Non-London,Primary,225,21.8,,4758,229,4987,2275,205,785,283,289,49,113,66,94,94,144,134,4531,"2,994",43,312,45,"4,315",921,"2,857",98,361,57,"4,562",2334,52,277,92,4557,1802,2291,98,386,64,4876,2275,205,289,66,4531,1696,2479,98,386,55,4962,-59,153,12,-26,-26,95,5,50,5,17,6,6,1,2,1,2,2,3,3,69%,1%,7%,1%,100%,NA,NA,NA,NA,NA,51%,1%,6%,2%,100%,NA,NA,NA,NA,NA,50%,5%,6%,1%,100%,NA,NA,NA,NA,NA,-1%,4%,0%,-1%,0%
937,125667,Non-London,Primary,357,7.6,,4293,189,4482,2316,55,804,255,313,43,103,50,182,63,58,82,4324,"2,592",74,309,39,"3,784",770,"2,857",98,361,57,"4,562",2133,59,292,93,4092,1515,2291,98,386,64,4876,2316,55,313,50,4324,1590,2479,98,386,55,4962,183,-4,21,-43,232,96,4,54,1,19,6,7,1,2,1,4,1,1,2,68%,2%,8%,1%,100%,NA,NA,NA,NA,NA,52%,1%,7%,2%,100%,NA,NA,NA,NA,NA,54%,1%,7%,1%,100%,NA,NA,NA,NA,NA,2%,0%,0%,-1%,0%
937,125670,Non-London,Primary,227,7.9,,4440,364,4804,2220,193,749,238,364,123,157,54,114,112,209,121,4654,"2,592",112,330,61,"4,178",1083,"2,857",98,361,57,"4,562",2167,126,373,62,4707,1979,2291,98,386,64,4876,2220,193,364,54,4654,1823,2479,98,386,55,4962,53,67,-9,-8,-53,92,8,48,4,16,5,8,3,3,1,2,2,4,3,62%,3%,8%,1%,100%,NA,NA,NA,NA,NA,46%,3%,8%,1%,100%,NA,NA,NA,NA,NA,48%,4%,8%,1%,100%,NA,NA,NA,NA,NA,2%,1%,0%,0%,0%
937,125676,Non-London,Primary,192,13,,4844,296,5140,2427,81,837,316,324,143,161,54,173,28,142,281,4967,"2,660",56,306,50,"4,007",935,"2,857",98,361,57,"4,562",2387,-52,305,62,4613,1911,2291,98,386,64,4876,2427,81,324,54,4967,2081,2479,98,386,55,4962,40,133,19,-8,354,94,6,49,2,17,6,7,3,3,1,3,1,3,6,66%,1%,8%,1%,100%,NA,NA,NA,NA,NA,52%,-1%,7%,1%,100%,NA,NA,NA,NA,NA,49%,2%,7%,1%,100%,NA,NA,NA,NA,NA,-3%,3%,0%,0%,0%
937,125677,Non-London,Primary,161,7.5,,6076,291,6367,2894,57,1038,293,594,109,285,74,136,79,58,107,5724,"2,928",120,556,62,"4,883",1217,"2,857",98,361,57,"4,562",2704,69,541,73,5921,2534,2291,98,386,64,4876,2894,57,594,74,5724,2105,2479,98,386,55,4962,190,-12,53,1,-197,95,5,51,1,18,5,10,2,5,1,2,1,1,2,60%,2%,11%,1%,100%,NA,NA,NA,NA,NA,46%,1%,9%,1%,100%,NA,NA,NA,NA,NA,51%,1%,10%,1%,100%,NA,NA,NA,NA,NA,5%,0%,1%,0%,0%
937,125681,Non-London,Primary,396,12.4,,4561,73,4634,2403,140,846,228,300,134,155,34,75,8,42,125,4490,"2,829",49,235,52,"4,140",975,"2,857",98,361,57,"4,562",2318,84,260,40,4534,1832,2291,98,386,64,4876,2403,140,300,34,4490,1613,2479,98,386,55,4962,85,56,40,-6,-44,98,2,54,3,19,5,7,3,3,1,2,0,1,3,68%,1%,6%,1%,100%,NA,NA,NA,NA,NA,51%,2%,6%,1%,100%,NA,NA,NA,NA,NA,54%,3%,7%,1%,100%,NA,NA,NA,NA,NA,3%,1%,1%,0%,0%
937,125682,Non-London,Primary,410,16.3,,4494,176,4670,2236,46,910,145,308,41,198,24,99,54,72,65,4198,"2,642",52,363,29,"3,863",777,"2,857",98,361,57,"4,562",2048,37,311,28,3880,1456,2291,98,386,64,4876,2236,46,308,24,4198,1584,2479,98,386,55,4962,188,9,-3,-4,318,96,4,53,1,22,3,7,1,5,1,2,1,2,2,68%,1%,9%,1%,100%,NA,NA,NA,NA,NA,53%,1%,8%,1%,100%,NA,NA,NA,NA,NA,53%,1%,7%,1%,100%,NA,NA,NA,NA,NA,0%,0%,-1%,0%,0%
937,125684,Non-London,Primary,206,12.6,,4461,136,4597,2465,48,590,209,322,133,147,55,87,29,48,71,4204,"2,759",-47,662,58,"4,198",766,"2,857",98,361,57,"4,562",2296,107,670,71,4503,1359,2291,98,386,64,4876,2465,48,322,55,4204,1314,2479,98,386,55,4962,169,-59,-348,-16,-299,97,3,59,1,14,5,8,3,3,1,2,1,1,2,66%,-1%,16%,1%,100%,NA,NA,NA,NA,NA,51%,2%,15%,2%,100%,NA,NA,NA,NA,NA,59%,1%,8%,1%,100%,NA,NA,NA,NA,NA,8%,-1%,-7%,-1%,0%
937,125687,Non-London,Primary,193,9.8,,4900,706,5606,2553,103,1134,224,425,131,500,57,155,25,123,75,5505,"3,395",159,369,45,"5,975",2007,"2,857",98,361,57,"4,562",2328,180,476,60,5499,2455,2291,98,386,64,4876,2553,103,425,57,5505,2367,2479,98,386,55,4962,225,-77,-51,-3,6,87,13,46,2,21,4,8,2,9,1,3,0,2,1,57%,3%,6%,1%,100%,NA,NA,NA,NA,NA,42%,3%,9%,1%,100%,NA,NA,NA,NA,NA,46%,2%,8%,1%,100%,NA,NA,NA,NA,NA,4%,-1%,-1%,0%,0%
937,130875,Non-London,Primary,174,19.9,,5021,322,5343,2784,171,783,258,374,137,117,58,155,27,48,209,5121,"2,959",230,338,64,"4,811",1220,"2,857",98,361,57,"4,562",2742,-3,386,68,4937,1744,2291,98,386,64,4876,2784,171,374,58,5121,1734,2479,98,386,55,4962,42,174,-12,-10,184,94,6,54,3,15,5,7,3,2,1,3,1,1,4,62%,5%,7%,1%,100%,NA,NA,NA,NA,NA,56%,0%,8%,1%,100%,NA,NA,NA,NA,NA,54%,3%,7%,1%,100%,NA,NA,NA,NA,NA,-2%,3%,-1%,0%,0%
937,130883,Non-London,Primary,219,24.7,,5108,171,5279,2259,119,1172,407,433,168,187,116,72,59,69,96,5157,"2,917",109,487,88,"4,715",1114,"2,857",98,361,57,"4,562",2071,110,450,119,5237,2487,2291,98,386,64,4876,2259,119,433,116,5157,2230,2479,98,386,55,4962,188,9,-17,-3,-80,97,3,44,2,23,8,8,3,4,2,1,1,1,2,62%,2%,10%,2%,100%,NA,NA,NA,NA,NA,40%,2%,9%,2%,100%,NA,NA,NA,NA,NA,44%,2%,8%,2%,100%,NA,NA,NA,NA,NA,4%,0%,-1%,0%,0%
937,130882,Non-London,Primary,71,25.4,,7450,148,7598,4049,93,671,442,653,205,229,82,140,140,379,159,7242,"3,658",250,504,64,"6,088",1612,"2,857",98,361,57,"4,562",3515,34,646,79,6548,2274,2291,98,386,64,4876,4049,93,653,82,7242,2365,2479,98,386,55,4962,534,59,7,3,694,98,2,56,1,9,6,9,3,3,1,2,2,5,2,60%,4%,8%,1%,100%,NA,NA,NA,NA,NA,54%,1%,10%,1%,100%,NA,NA,NA,NA,NA,56%,1%,9%,1%,100%,NA,NA,NA,NA,NA,2%,0%,-1%,0%,0%
937,130881,Non-London,Primary,136,5.5,,5261,349,5610,2877,107,841,334,417,188,260,81,80,18,158,106,5467,"3,155",102,349,72,"4,752",1074,"2,857",98,361,57,"4,562",2684,108,402,83,5286,2009,2291,98,386,64,4876,2877,107,417,81,5467,1985,2479,98,386,55,4962,193,-1,15,-2,181,94,6,53,2,15,6,8,3,5,1,1,0,3,2,66%,2%,7%,2%,100%,NA,NA,NA,NA,NA,51%,2%,8%,2%,100%,NA,NA,NA,NA,NA,53%,2%,8%,1%,100%,NA,NA,NA,NA,NA,2%,0%,0%,-1%,0%
937,130379,Non-London,Primary,119,17.6,,5921,205,6126,3055,65,723,361,473,144,242,63,120,76,184,190,5696,"3,007",117,372,70,"4,655",1089,"2,857",98,361,57,"4,562",2790,163,454,45,5123,1671,2291,98,386,64,4876,3055,65,473,63,5696,2040,2479,98,386,55,4962,265,-98,19,18,573,97,3,54,1,13,6,8,3,4,1,2,1,3,3,65%,3%,8%,2%,100%,NA,NA,NA,NA,NA,54%,3%,9%,1%,100%,NA,NA,NA,NA,NA,54%,1%,8%,1%,100%,NA,NA,NA,NA,NA,0%,-2%,-1%,0%,0%
937,125688,Non-London,Primary,192,29.6,,5652,339,5991,2047,104,1219,423,370,112,242,52,340,43,201,377,5530,"2,539",309,886,79,"5,112",1299,"2,857",98,361,57,"4,562",1812,565,531,106,5702,2688,2291,98,386,64,4876,2047,104,370,52,5530,2957,2479,98,386,55,4962,235,-461,-161,-54,-172,94,6,37,2,22,8,7,2,4,1,6,1,4,7,50%,6%,17%,2%,100%,NA,NA,NA,NA,NA,32%,10%,9%,2%,100%,NA,NA,NA,NA,NA,37%,2%,7%,1%,100%,NA,NA,NA,NA,NA,5%,-8%,-2%,-1%,0%
937,125689,Non-London,Primary,632,15.7,,4384,194,4578,2157,37,788,269,349,133,166,44,151,87,64,21,4266,"2,711",39,345,56,"4,074",923,"2,857",98,361,57,"4,562",2092,28,329,46,4200,1705,2291,98,386,64,4876,2157,37,349,44,4266,1679,2479,98,386,55,4962,65,9,20,-2,66,96,4,51,1,18,6,8,3,4,1,4,2,2,0,67%,1%,8%,1%,100%,NA,NA,NA,NA,NA,50%,1%,8%,1%,100%,NA,NA,NA,NA,NA,51%,1%,8%,1%,100%,NA,NA,NA,NA,NA,1%,0%,0%,0%,0%
937,125692,Non-London,Primary,190,15.8,,4870,405,5275,2725,89,548,343,349,169,117,59,140,251,34,34,4858,"2,887",86,346,88,"4,643",1236,"2,857",98,361,57,"4,562",2557,15,392,85,4591,1542,2291,98,386,64,4876,2725,89,349,59,4858,1636,2479,98,386,55,4962,168,74,-43,-26,267,92,8,56,2,11,7,7,3,2,1,3,5,1,1,62%,2%,7%,2%,100%,NA,NA,NA,NA,NA,56%,0%,9%,2%,100%,NA,NA,NA,NA,NA,56%,2%,7%,1%,100%,NA,NA,NA,NA,NA,0%,2%,-2%,-1%,0%
937,125696,Non-London,Primary,83,13.3,,5975,261,6236,3286,69,470,341,585,225,129,48,168,84,150,36,5591,"2,871",123,525,61,"4,720",1140,"2,857",98,361,57,"4,562",2930,87,661,66,5559,1815,2291,98,386,64,4876,3286,69,585,48,5591,1603,2479,98,386,55,4962,356,-18,-76,-18,32,96,4,59,1,8,6,10,4,2,1,3,2,3,1,61%,3%,11%,1%,100%,NA,NA,NA,NA,NA,53%,2%,12%,1%,100%,NA,NA,NA,NA,NA,59%,1%,10%,1%,100%,NA,NA,NA,NA,NA,6%,-1%,-2%,0%,0%
937,125701,Non-London,Primary,320,14.4,,4516,209,4725,2315,101,1082,215,259,140,240,55,146,43,68,34,4698,"2,989",44,256,49,"4,324",986,"2,857",98,361,57,"4,562",2175,120,255,56,4652,2046,2291,98,386,64,4876,2315,101,259,55,4698,1968,2479,98,386,55,4962,140,-19,4,-1,46,96,4,49,2,23,5,6,3,5,1,3,1,1,1,69%,1%,6%,1%,100%,NA,NA,NA,NA,NA,47%,3%,5%,1%,100%,NA,NA,NA,NA,NA,49%,2%,6%,1%,100%,NA,NA,NA,NA,NA,2%,-1%,1%,0%,0%
937,125703,Non-London,Primary,264,6.8,,4328,287,4615,2379,71,768,201,428,-14,193,36,104,77,97,19,4359,"2,622",284,455,52,"4,319",906,"2,857",98,361,57,"4,562",2305,38,449,53,4570,1725,2291,98,386,64,4876,2379,71,428,36,4359,1445,2479,98,386,55,4962,74,33,-21,-17,-211,94,6,55,2,18,5,10,0,4,1,2,2,2,0,61%,7%,11%,1%,100%,NA,NA,NA,NA,NA,50%,1%,10%,1%,100%,NA,NA,NA,NA,NA,55%,2%,10%,1%,100%,NA,NA,NA,NA,NA,5%,1%,0%,0%,0%
937,125707,Non-London,Primary,222,16.7,,5372,236,5608,2107,-6,1025,262,351,86,226,57,257,109,109,81,4664,"3,041",71,515,110,"4,562",825,"2,857",98,361,57,"4,562",1737,79,293,105,4093,1879,2291,98,386,64,4876,2107,-6,351,57,4664,2155,2479,98,386,55,4962,370,-85,58,-48,571,96,4,45,0,22,6,8,2,5,1,6,2,2,2,67%,2%,11%,2%,100%,NA,NA,NA,NA,NA,42%,2%,7%,3%,100%,NA,NA,NA,NA,NA,45%,0%,8%,1%,100%,NA,NA,NA,NA,NA,3%,-2%,1%,-2%,0%
937,125708,Non-London,Primary,113,14.8,,5034,364,5398,2684,71,668,295,442,192,304,78,146,153,102,57,5192,"2,392",299,535,98,"4,445",1121,"2,857",98,361,57,"4,562",2384,257,497,97,5073,1838,2291,98,386,64,4876,2684,71,442,78,5192,1917,2479,98,386,55,4962,300,-186,-55,-19,119,93,7,52,1,13,6,9,4,6,2,3,3,2,1,54%,7%,12%,2%,100%,NA,NA,NA,NA,NA,47%,5%,10%,2%,100%,NA,NA,NA,NA,NA,52%,1%,9%,2%,100%,NA,NA,NA,NA,NA,5%,-4%,-1%,0%,0%
937,125710,Non-London,Primary,221,8.1,,4445,107,4552,2382,108,572,246,444,168,132,55,93,38,126,55,4419,"2,688",95,422,64,"4,284",1015,"2,857",98,361,57,"4,562",2219,170,450,62,4437,1536,2291,98,386,64,4876,2382,108,444,55,4419,1430,2479,98,386,55,4962,163,-62,-6,-7,-18,98,2,54,2,13,6,10,4,3,1,2,1,3,1,63%,2%,10%,1%,100%,NA,NA,NA,NA,NA,50%,4%,10%,1%,100%,NA,NA,NA,NA,NA,54%,2%,10%,1%,100%,NA,NA,NA,NA,NA,4%,-2%,0%,0%,0%
937,125713,Non-London,Primary,188,3.2,,4834,66,4900,2676,58,673,305,385,153,95,68,63,42,174,58,4750,"2,641",34,356,63,"4,088",994,"2,857",98,361,57,"4,562",2340,23,415,70,4422,1574,2291,98,386,64,4876,2676,58,385,68,4750,1563,2479,98,386,55,4962,336,35,-30,-2,328,99,1,56,1,14,6,8,3,2,1,1,1,4,1,65%,1%,9%,2%,100%,NA,NA,NA,NA,NA,53%,1%,9%,2%,100%,NA,NA,NA,NA,NA,56%,1%,8%,1%,100%,NA,NA,NA,NA,NA,3%,0%,-1%,-1%,0%
937,125714,Non-London,Primary,100,6,,5216,49,5265,2941,309,546,299,726,237,157,89,99,56,113,78,5650,"3,225",2,524,90,"4,850",1009,"2,857",98,361,57,"4,562",2660,236,521,104,5290,1769,2291,98,386,64,4876,2941,309,726,89,5650,1585,2479,98,386,55,4962,281,73,205,-15,360,99,1,52,5,10,5,13,4,3,2,2,1,2,1,66%,0%,11%,2%,100%,NA,NA,NA,NA,NA,50%,4%,10%,2%,100%,NA,NA,NA,NA,NA,52%,5%,13%,2%,100%,NA,NA,NA,NA,NA,2%,1%,3%,0%,0%
937,125715,Non-London,Primary,175,28.6,,5263,90,5353,2808,43,943,250,547,170,111,52,99,92,171,56,5342,"3,214",35,488,64,"4,714",913,"2,857",98,361,57,"4,562",2691,-60,578,75,5691,2407,2291,98,386,64,4876,2808,43,547,52,5342,1892,2479,98,386,55,4962,117,103,-31,-23,-349,98,2,53,1,18,5,10,3,2,1,2,2,3,1,68%,1%,10%,1%,100%,NA,NA,NA,NA,NA,47%,-1%,10%,1%,100%,NA,NA,NA,NA,NA,53%,1%,10%,1%,100%,NA,NA,NA,NA,NA,6%,2%,0%,0%,0%
937,125716,Non-London,Primary,218,10.2,,4987,98,5085,2614,197,825,472,295,147,165,51,143,31,42,36,5018,"2,773",240,230,51,"4,249",955,"2,857",98,361,57,"4,562",2337,138,263,55,4702,1909,2291,98,386,64,4876,2614,197,295,51,5018,1861,2479,98,386,55,4962,277,59,32,-4,316,98,2,52,4,16,9,6,3,3,1,3,1,1,1,65%,6%,5%,1%,100%,NA,NA,NA,NA,NA,50%,3%,6%,1%,100%,NA,NA,NA,NA,NA,52%,4%,6%,1%,100%,NA,NA,NA,NA,NA,2%,1%,0%,0%,0%
937,125717,Non-London,Primary,105,18.1,,6334,296,6630,2665,77,860,345,550,140,145,48,97,65,161,206,5359,"3,023",167,586,56,"5,113",1281,"2,857",98,361,57,"4,562",2402,156,737,82,5265,1888,2291,98,386,64,4876,2665,77,550,48,5359,2019,2479,98,386,55,4962,263,-79,-187,-34,94,96,4,50,1,16,6,10,3,3,1,2,1,3,4,59%,3%,11%,1%,100%,NA,NA,NA,NA,NA,46%,3%,14%,2%,100%,NA,NA,NA,NA,NA,50%,1%,10%,1%,100%,NA,NA,NA,NA,NA,4%,-2%,-4%,-1%,0%
937,125718,Non-London,Primary,162,25.3,,4924,261,5185,2834,214,955,229,513,198,92,69,93,62,88,22,5369,"3,166",362,456,56,"5,180",1140,"2,857",98,361,57,"4,562",2506,183,473,54,5432,2216,2291,98,386,64,4876,2834,214,513,69,5369,1739,2479,98,386,55,4962,328,31,40,15,-63,95,5,53,4,18,4,10,4,2,1,2,1,2,0,61%,7%,9%,1%,100%,NA,NA,NA,NA,NA,46%,3%,9%,1%,100%,NA,NA,NA,NA,NA,53%,4%,10%,1%,100%,NA,NA,NA,NA,NA,7%,1%,1%,0%,0%
937,125719,Non-London,Primary,192,16.7,,4795,172,4967,2636,83,745,244,347,200,158,33,100,102,164,208,5020,"2,767",110,331,36,"4,087",843,"2,857",98,361,57,"4,562",2308,58,304,39,4350,1641,2291,98,386,64,4876,2636,83,347,33,5020,1921,2479,98,386,55,4962,328,25,43,-6,670,97,3,53,2,15,5,7,4,3,1,2,2,3,4,68%,3%,8%,1%,100%,NA,NA,NA,NA,NA,53%,1%,7%,1%,100%,NA,NA,NA,NA,NA,53%,2%,7%,1%,100%,NA,NA,NA,NA,NA,0%,1%,0%,0%,0%
937,125721,Non-London,Primary,105,11.4,,5449,275,5724,3196,63,923,217,496,222,372,51,114,161,128,27,5970,"3,353",47,409,56,"4,649",784,"2,857",98,361,57,"4,562",3076,20,482,61,5426,1787,2291,98,386,64,4876,3196,63,496,51,5970,2164,2479,98,386,55,4962,120,43,14,-10,544,95,5,54,1,15,4,8,4,6,1,2,3,2,0,72%,1%,9%,1%,100%,NA,NA,NA,NA,NA,57%,0%,9%,1%,100%,NA,NA,NA,NA,NA,54%,1%,8%,1%,100%,NA,NA,NA,NA,NA,-3%,1%,-1%,0%,0%
937,125724,Non-London,Primary,218,16.1,,4234,106,4340,1873,333,581,190,336,154,179,41,128,40,152,63,4070,"2,652",157,283,44,"4,150",1014,"2,857",98,361,57,"4,562",2210,363,303,45,4637,1716,2291,98,386,64,4876,1873,333,336,41,4070,1487,2479,98,386,55,4962,-337,-30,33,-4,-567,98,2,46,8,14,5,8,4,4,1,3,1,4,2,64%,4%,7%,1%,100%,NA,NA,NA,NA,NA,48%,8%,7%,1%,100%,NA,NA,NA,NA,NA,46%,8%,8%,1%,100%,NA,NA,NA,NA,NA,-2%,0%,1%,0%,0%
937,125729,Non-London,Primary,195,6.2,,4657,350,5007,2510,69,625,335,405,143,143,78,96,95,24,118,4641,"2,921",17,607,77,"4,378",756,"2,857",98,361,57,"4,562",2450,-40,481,84,4343,1368,2291,98,386,64,4876,2510,69,405,78,4641,1579,2479,98,386,55,4962,60,109,-76,-6,298,93,7,54,1,13,7,9,3,3,2,2,2,1,3,67%,0%,14%,2%,100%,NA,NA,NA,NA,NA,56%,-1%,11%,2%,100%,NA,NA,NA,NA,NA,54%,1%,9%,2%,100%,NA,NA,NA,NA,NA,-2%,2%,-2%,0%,0%
937,130884,Non-London,Primary,195,9.2,,4919,334,5253,2820,0,578,183,307,132,303,39,63,46,64,-27,4508,"3,413",20,419,44,"4,331",435,"2,857",98,361,57,"4,562",2640,0,304,33,4299,1322,2291,98,386,64,4876,2820,0,307,39,4508,1342,2479,98,386,55,4962,180,0,3,6,209,94,6,63,0,13,4,7,3,7,1,1,1,1,-1,79%,0%,10%,1%,100%,NA,NA,NA,NA,NA,61%,0%,7%,1%,100%,NA,NA,NA,NA,NA,63%,0%,7%,1%,100%,NA,NA,NA,NA,NA,2%,0%,0%,0%,0%
937,130910,Non-London,Primary,213,6.1,,4582,194,4776,2433,44,943,214,309,142,118,48,215,45,84,21,4616,"2,511",74,351,46,"4,011",1029,"2,857",98,361,57,"4,562",2117,64,317,52,4563,2013,2291,98,386,64,4876,2433,44,309,48,4616,1782,2479,98,386,55,4962,316,-20,-8,-4,53,96,4,53,1,20,5,7,3,3,1,5,1,2,0,63%,2%,9%,1%,100%,NA,NA,NA,NA,NA,46%,1%,7%,1%,100%,NA,NA,NA,NA,NA,53%,1%,7%,1%,100%,NA,NA,NA,NA,NA,7%,0%,0%,0%,0%
937,130877,Non-London,Primary,313,27.8,,5092,122,5214,2513,67,1020,202,375,143,96,49,126,69,38,53,4751,"3,126",98,287,59,"4,494",924,"2,857",98,361,57,"4,562",2243,70,403,60,4736,1960,2291,98,386,64,4876,2513,67,375,49,4751,1747,2479,98,386,55,4962,270,-3,-28,-11,15,98,2,53,1,21,4,8,3,2,1,3,1,1,1,70%,2%,6%,1%,100%,NA,NA,NA,NA,NA,47%,1%,9%,1%,100%,NA,NA,NA,NA,NA,53%,1%,8%,1%,100%,NA,NA,NA,NA,NA,6%,0%,-1%,0%,0%
937,130878,Non-London,Primary,298,7.4,,4797,552,5349,2789,44,763,257,284,163,258,54,310,58,63,6,5049,"2,824",40,405,54,"4,412",1089,"2,857",98,361,57,"4,562",2499,37,314,72,4971,2049,2291,98,386,64,4876,2789,44,284,54,5049,1878,2479,98,386,55,4962,290,7,-30,-18,78,90,10,55,1,15,5,6,3,5,1,6,1,1,0,64%,1%,9%,1%,100%,NA,NA,NA,NA,NA,50%,1%,6%,1%,100%,NA,NA,NA,NA,NA,55%,1%,6%,1%,100%,NA,NA,NA,NA,NA,5%,0%,0%,0%,0%
937,134924,Non-London,Primary,264,20.5,,4619,119,4738,2623,44,609,356,223,136,154,68,101,26,93,143,4576,"2,743",158,299,73,"4,330",1057,"2,857",98,361,57,"4,562",2556,156,320,92,4830,1706,2291,98,386,64,4876,2623,44,223,68,4576,1618,2479,98,386,55,4962,67,-112,-97,-24,-254,97,3,57,1,13,8,5,3,3,1,2,1,2,3,63%,4%,7%,2%,100%,NA,NA,NA,NA,NA,53%,3%,7%,2%,100%,NA,NA,NA,NA,NA,57%,1%,5%,1%,100%,NA,NA,NA,NA,NA,4%,-2%,-2%,-1%,0%
937,136507,Non-London,Primary,408,18.8,,4988,25,5013,2620,144,746,382,407,137,127,50,70,56,86,56,4881,"2,764",185,433,52,"4,494",1060,"2,857",98,361,57,"4,562",2244,169,490,64,4839,1872,2291,98,386,64,4876,2620,144,407,50,4881,1660,2479,98,386,55,4962,376,-25,-83,-14,42,100,0,54,3,15,8,8,3,3,1,1,1,2,1,62%,4%,10%,1%,100%,NA,NA,NA,NA,NA,46%,3%,10%,1%,100%,NA,NA,NA,NA,NA,54%,3%,8%,1%,100%,NA,NA,NA,NA,NA,8%,0%,-2%,0%,0%
937,125756,Non-London,Secondary with KS4,539,24.7,,6422,31,6453,2639,43,684,384,543,20,31,78,100,53,215,125,4915,"4,800",69,615,116,"7,227",1627,"3,956",69,599,116,"5,584",3468,189,646,134,6765,2328,2616,84,514,94,4840,2639,43,543,78,4915,1612,3220,34,541,82,5541,-829,-146,-103,-56,"-1,850",100,0,54,1,14,8,11,0,1,2,2,1,4,3,66%,1%,9%,2%,100%,NA,NA,NA,NA,NA,51%,3%,10%,2%,100%,NA,NA,NA,NA,NA,54%,1%,11%,2%,100%,NA,NA,NA,NA,NA,3%,-2%,1%,0%,0%
937,125760,Non-London,Primary,87,3.4,,4684,6,4690,3035,35,670,341,494,144,165,94,118,115,73,74,5358,"3,588",92,505,99,"5,774",1490,"2,857",98,361,57,"4,562",2908,226,541,121,5861,2065,2291,98,386,64,4876,3035,35,494,94,5358,1700,2479,98,386,55,4962,127,-191,-47,-27,-503,100,0,57,1,13,6,9,3,3,2,2,2,1,1,62%,2%,9%,2%,100%,NA,NA,NA,NA,NA,50%,4%,9%,2%,100%,NA,NA,NA,NA,NA,57%,1%,9%,2%,100%,NA,NA,NA,NA,NA,7%,-3%,0%,0%,0%
937,125761,Non-London,Primary,209,32.1,,6351,141,6492,2855,118,1209,361,412,101,125,52,136,34,540,44,5987,"3,666",121,437,65,"5,543",1254,"2,857",98,361,57,"4,562",2643,162,455,68,5632,2304,2291,98,386,64,4876,2855,118,412,52,5987,2550,2479,98,386,55,4962,212,-44,-43,-16,355,98,2,48,2,20,6,7,2,2,1,2,1,9,1,66%,2%,8%,1%,100%,NA,NA,NA,NA,NA,47%,3%,8%,1%,100%,NA,NA,NA,NA,NA,48%,2%,7%,1%,100%,NA,NA,NA,NA,NA,1%,-1%,-1%,0%,0%
937,125762,Non-London,Primary,105,18.1,,4582,204,4786,2430,107,643,287,464,141,154,57,187,35,84,83,4672,"2,813",133,549,59,"4,504",950,"2,857",98,361,57,"4,562",2615,421,575,69,5511,1831,2291,98,386,64,4876,2430,107,464,57,4672,1614,2479,98,386,55,4962,-185,-314,-111,-12,-839,96,4,52,2,14,6,10,3,3,1,4,1,2,2,62%,3%,12%,1%,100%,NA,NA,NA,NA,NA,47%,8%,10%,1%,100%,NA,NA,NA,NA,NA,52%,2%,10%,1%,100%,NA,NA,NA,NA,NA,5%,-6%,0%,0%,0%
937,125763,Non-London,Primary,172,9.3,,5833,1830,7663,2727,42,762,290,666,-28,286,75,40,37,123,81,5101,"3,358",35,698,69,"4,283",123,"2,857",98,361,57,"4,562",2504,48,663,73,5028,1740,2291,98,386,64,4876,2727,42,666,75,5101,1591,2479,98,386,55,4962,223,-6,3,2,73,76,24,53,1,15,6,13,-1,6,1,1,1,2,2,78%,1%,16%,2%,100%,NA,NA,NA,NA,NA,50%,1%,13%,1%,100%,NA,NA,NA,NA,NA,53%,1%,13%,1%,100%,NA,NA,NA,NA,NA,3%,0%,0%,0%,0%
937,125693,Non-London,Primary,90,4.4,,5358,480,5838,3169,23,931,190,844,271,181,87,45,0,78,18,5837,"3,471",45,787,62,"5,218",853,"2,857",98,361,57,"4,562",3024,1,1082,87,6073,1879,2291,98,386,64,4876,3169,23,844,87,5837,1714,2479,98,386,55,4962,145,22,-238,0,-236,92,8,54,0,16,3,14,5,3,1,1,0,1,0,67%,1%,15%,1%,100%,NA,NA,NA,NA,NA,50%,0%,18%,1%,100%,NA,NA,NA,NA,NA,54%,0%,14%,1%,100%,NA,NA,NA,NA,NA,4%,0%,-4%,0%,0%
937,125764,Non-London,Secondary with KS4,1097,25.8,,6122,200,6322,3505,30,713,318,539,117,55,85,196,16,138,135,5847,"3,956",22,568,91,"5,584",947,"3,956",69,599,116,"5,584",3235,68,625,103,5828,1797,2616,84,514,94,4840,3505,30,539,85,5847,1688,3220,34,541,82,5541,270,-38,-86,-18,19,97,3,60,1,12,5,9,2,1,1,3,0,2,2,71%,0%,10%,2%,100%,NA,NA,NA,NA,NA,56%,1%,11%,2%,100%,NA,NA,NA,NA,NA,60%,1%,9%,1%,100%,NA,NA,NA,NA,NA,4%,0%,-2%,-1%,0%
937,125794,Non-London,Special,256,28.5,,17436,1298,18734,7589,516,4664,1164,1387,65,547,319,357,176,382,124,17290,"13,155",489,"1,433",374,"18,857",3406,"13,155",489,"1,433",374,"18,857",8054,264,1468,383,18870,8701,7806,247,1543,328,19771,7589,516,1387,319,17290,7479,4514,232,912,166,10091,-465,252,-81,-64,"-1,580",93,7,44,3,27,7,8,0,3,2,2,1,2,1,70%,3%,8%,2%,100%,NA,NA,NA,NA,NA,43%,1%,8%,2%,100%,NA,NA,NA,NA,NA,44%,3%,8%,2%,100%,NA,NA,NA,NA,NA,1%,2%,0%,0%,0%
937,125805,Non-London,Special,268,29.9,,3329,392,3721,1742,22,613,118,548,106,73,35,64,30,73,81,3505,"15,576",-96,"1,814",259,"20,506",2953,"15,261",320,"2,273",242,"20,818",6976,-14,1515,309,20978,12192,7806,247,1543,328,19771,1742,22,548,35,3505,1158,4514,232,912,166,10091,"-5,234",36,-967,-274,"-17,473",89,11,50,1,17,3,16,3,2,1,2,1,2,2,76%,0%,9%,1%,100%,NA,NA,NA,NA,NA,33%,0%,7%,1%,100%,NA,NA,NA,NA,NA,50%,1%,16%,1%,100%,NA,NA,NA,NA,NA,17%,1%,9%,0%,0%
937,125806,Non-London,Special,126,27.8,,14275,1618,15893,4173,99,2679,750,725,14,160,133,494,74,154,45,9500,"14,946",735,"2,732",224,"21,130",2493,"15,261",320,"2,273",242,"20,818",8156,470,1708,243,20267,9690,7806,247,1543,328,19771,4173,99,725,133,9500,4370,4514,232,912,166,10091,"-3,983",-371,-983,-110,"-10,767",90,10,44,1,28,8,8,0,2,1,5,1,2,0,71%,3%,13%,1%,100%,NA,NA,NA,NA,NA,40%,2%,8%,1%,100%,NA,NA,NA,NA,NA,44%,1%,8%,1%,100%,NA,NA,NA,NA,NA,4%,-1%,0%,0%,0%
LA,Warwickshire,Non-London,Nursery,,,Low,"7,741",971,"9,567","2,695",186,"3,354",432,"1,912",148,222,76,96,59,83,86,"9,333"
LA-PRI,Warwickshire,Non-London,Primary,,,Low,"4,399",229,"4,652","2,142",98,715,269,361,165,188,57,164,46,143,90,"4,562"
LA-PRI,Warwickshire,Non-London,Primary,,,Medium,"5,001",160,"5,183","2,306",133,927,328,384,167,199,66,189,42,196,106,"5,155"
LA-PRI,Warwickshire,Non-London,Primary,,,High,"5,196",187,"5,384","2,247",19,"1,283",257,454,180,187,48,247,48,84,-30,"5,022"
LA-SEC-WITH-KS4,Warwickshire,Non-London,Secondary with KS4,,,Low,"5,656",199,"5,855","3,253",69,703,354,599,50,213,116,187,78,136,201,"5,584"
LA-SPE,Warwickshire,Non-London,Special,,,Low,"17,449",566,"18,015","8,068",489,"5,087","1,386","1,433",69,577,374,726,190,228,231,"18,857"
LA-SPE,Warwickshire,Non-London,Special,,,Medium,"19,734","1,419","21,153","8,005",320,"7,256",906,"2,273",137,709,242,403,97,303,172,"20,818"
NAT,,,London,,,,Primary,Low,"5,382",234,"5,686","2,545",144,"1,021",347,462,172,194,61,192,53,119,112,"5,612"
NAT,,,London,,,,Nursery,Low,"9,956","1,045","11,063","3,061",126,"4,021",767,"1,302",74,380,89,173,65,134,165,"11,453"
NAT,,,London,,,,Pupil referral unit,High,"27,114","1,122","27,330","13,869","2,533","4,929","1,429","2,896",407,716,163,629,174,"1,432",309,"29,799"
NAT,,,London,,,,Primary,High,"7,475",190,"7,675","3,178",205,"1,447",508,680,269,279,83,212,80,319,144,"7,577"
NAT,,,London,,,,Primary,Medium,"6,844",190,"7,105","2,955",203,"1,387",448,613,247,224,76,221,63,204,135,"7,054"
NAT,,,London,,,,Secondary with KS4,High,"8,590",174,"8,853","4,492",290,997,571,815,196,197,132,331,136,187,347,"8,822"
NAT,,,London,,,,Secondary with KS4,Medium,"7,865",113,"8,023","4,203",204,854,573,798,117,156,105,290,119,145,246,"8,131"
NAT,,,London,,,,Secondary with KS4,Low,"6,413",205,"6,707","3,655",137,588,407,646,67,110,99,234,70,90,221,"6,648"
NAT,,,London,,,,Special,Low,"12,406",54,"12,460","7,931",540,"1,801",28,"1,672",11,286,0,260,560,506,65,"12,417"
NAT,,,London,,,,Special,High,"31,076",378,"32,575","10,569",611,"8,641","1,944","2,633",398,763,331,571,265,775,146,"31,770"
NAT,,,London,,,,Nursery,High,"13,167",509,"13,333","2,738",93,"4,527",789,"1,221",325,395,134,157,16,147,77,"13,687"
NAT,,,London,,,,Nursery,Medium,"11,758","1,411","12,672","3,565",206,"4,460",833,"1,585",154,290,82,129,46,257,297,"11,677"
NAT,,,London,,,,Pupil referral unit,Medium,"28,102","1,682","28,943","13,123","2,007","3,276","1,368","3,754",326,285,188,611,222,727,373,"27,723"
NAT,,,London,,,,Pupil referral unit,Low,"24,510",477,"24,517","10,921",844,"3,933",510,"2,561",432,102,150,336,292,"1,560",86,"23,592"
NAT,,,London,,,,Special,Medium,"28,837",500,"29,378","9,670",450,"10,428","1,648","2,437",262,797,275,706,219,712,143,"29,583"
NAT,,,Non-London,,,,Nursery,Low,"7,460",739,"8,447","2,389",57,"3,014",565,"1,000",14,269,88,155,42,59,167,"8,373"
NAT,,,Non-London,,,,Nursery,Medium,"7,555",790,"9,199","2,266",103,"2,980",564,"1,384",105,290,72,120,8,67,99,"8,724"
NAT,,,Non-London,,,,Nursery,High,"8,529",608,"9,825","2,581",15,"3,131",554,"1,147",180,381,121,187,26,55,217,"8,975"
NAT,,,Non-London,,,,Pupil referral unit,High,"22,558",835,"24,483","9,894","1,166","4,425","1,194","2,497",234,547,195,732,174,498,336,"25,089"
NAT,,,Non-London,,,,Primary,Medium,"5,254",130,"5,397","2,334",111,"1,083",333,425,210,200,66,209,49,107,104,"5,350"
NAT,,,Non-London,,,,Primary,Low,"4,563",202,"4,804","2,216",98,808,292,392,182,178,60,203,50,82,97,"4,763"
NAT,,,Non-London,,,,Primary,High,"5,805",120,"5,936","2,475",126,"1,187",387,488,252,212,76,228,52,134,107,"5,877"
NAT,,,Non-London,,,,Secondary with KS4,Medium,"6,254",149,"6,444","3,320",122,737,387,692,100,113,110,232,72,74,209,"6,392"
NAT,,,Non-London,,,,Secondary with KS4,Low,"5,311",182,"5,551","3,119",96,545,332,508,32,94,88,207,64,60,208,"5,507"
NAT,,,Non-London,,,,Secondary with KS4,High,"6,943",130,"7,089","3,616",139,743,443,906,173,154,127,261,70,158,198,"7,061"
NAT,,,Non-London,,,,Special,High,"21,730",452,"22,536","7,949",339,"7,242","1,325","1,800",316,712,246,618,161,329,126,"22,483"
NAT,,,Non-London,,,,Special,Medium,"21,210",497,"21,933","7,724",253,"7,819","1,276","1,519",247,697,262,583,184,250,129,"21,819"
NAT,,,Non-London,,,,Pupil referral unit,Low,"26,399",802,"26,399","14,650",436,"3,232",839,"2,712",103,510,169,472,237,312,182,"27,335"
NAT,,,Non-London,,,,Pupil referral unit,Medium,"23,819",443,"24,644","10,192",613,"3,895","1,013","2,503",159,658,177,789,270,552,283,"23,370"
NAT,,,Non-London,,,,Special,Low,"21,786",525,"22,107","7,856",222,"7,873","1,323","2,009",185,710,275,571,175,110,128,"21,650"
NAT,,,Non-London,,,,Secondary without KS4,Low,"4,518",172,"4,754","2,688",91,529,278,405,40,156,64,261,36,66,140,"4,758"
NAT,,,Non-London,,,,Secondary without KS4,Medium,"6,013",88,"6,100","2,992",281,900,379,542,145,167,102,288,67,160,144,"5,687"
NAT
PRIMARY,,Primary,"4,848",,,188,"5,081","2,284",105,889,309,413,190,186,62,205,51,93,100,"5,034"
SPECIAL,,Special,"22,170",,,464,"23,085","8,104",322,"7,533","1,336","1,799",286,709,261,594,178,316,129,"22,785"
SECONDARY WITH KS4,,Secondary with KS4,"5,724",,,173,"5,928","3,222",109,594,356,565,51,104,96,220,69,67,213,"5,891"
SECONDARY WITHOUT KS4,,Secondary without KS4,"4,600",,,169,"4,879","2,693",93,531,281,409,46,156,69,264,38,74,142,"4,828"
PUPIL REFERRAL UNIT,,Pupil referral unit,"23,819",,,714,"25,152","11,067",981,"4,184","1,023","2,607",199,544,186,594,197,544,280,"25,461"
